target,RFC,MLP,SVC,LinearSVC,NuSVC,SGD,LR,KNC,LSTM,BERT
1,1,1,1,1,1,1,1,1,1,1
71,71,71,71,71,71,71,71,71,71,71
61,61,61,61,61,61,61,61,61,61,61
31,31,31,31,31,31,31,31,31,31,31
23,23,23,23,23,23,23,23,23,23,23
44,44,44,44,44,44,44,44,44,44,44
40,40,40,40,40,40,40,40,40,40,40
11,11,11,11,11,11,11,11,11,11,11
49,49,49,49,49,49,49,49,49,49,49
22,22,22,22,22,22,22,22,22,22,22
17,17,17,17,17,17,17,17,17,17,17
66,66,66,66,66,66,66,66,66,66,66
66,66,66,66,66,66,66,66,66,66,66
42,42,42,42,42,42,42,42,42,42,42
11,11,11,11,11,11,11,11,11,11,11
39,39,39,39,39,39,39,39,39,39,39
47,47,47,47,47,47,47,47,47,10,47
26,26,26,26,26,26,26,26,26,26,26
8,8,8,8,8,8,8,8,8,8,8
56,56,56,56,56,56,56,56,56,56,56
5,5,5,5,5,5,5,5,5,5,35
5,5,5,5,5,5,5,5,5,5,5
28,28,28,28,28,28,28,28,28,28,28
50,50,50,50,50,50,50,50,50,50,50
83,83,83,83,83,83,83,83,83,83,83
73,73,73,73,73,73,73,73,73,73,73
63,63,63,63,63,63,63,63,63,63,63
65,65,65,65,65,65,65,65,65,65,65
2,2,2,2,2,2,2,2,2,2,2
26,26,26,26,26,26,26,26,26,26,26
3,3,3,3,3,3,3,3,3,3,3
86,86,86,86,86,86,86,86,86,86,86
93,93,93,93,93,93,93,93,93,93,93
13,13,13,13,13,13,13,13,13,13,13
0,0,0,0,0,0,0,0,0,46,0
37,37,37,37,37,37,37,37,37,37,37
68,68,68,68,68,68,68,68,68,68,68
15,15,15,15,15,15,15,15,15,15,15
77,77,77,77,77,77,77,77,77,77,77
46,46,46,46,46,46,46,46,46,46,46
8,8,8,8,8,8,8,8,8,8,8
93,93,93,93,93,93,93,93,93,93,93
56,56,56,56,56,56,56,56,56,37,65
45,45,45,45,45,45,45,45,45,45,45
74,74,74,74,74,74,74,74,74,74,74
93,93,93,93,93,93,93,93,93,93,93
90,90,90,90,90,90,90,90,90,90,90
84,84,84,84,84,84,84,84,84,84,84
67,67,67,67,67,67,67,67,67,67,67
43,43,43,43,43,43,43,43,43,43,43
22,22,22,22,22,22,22,22,22,22,22
0,0,0,0,0,0,0,0,0,0,0
73,73,73,73,73,73,73,73,73,73,73
71,71,71,71,71,71,71,71,71,71,71
56,56,56,56,56,56,56,56,56,56,56
1,1,1,1,1,1,1,1,1,1,1
14,14,14,14,14,14,14,14,14,14,14
25,25,25,25,25,25,25,25,25,25,25
29,29,29,29,29,29,29,29,29,29,29
4,4,4,3,4,4,4,4,4,4,4
53,53,53,53,53,53,53,53,53,37,53
20,20,20,20,20,20,20,20,20,20,20
63,63,63,63,63,63,63,63,63,63,63
34,34,34,34,34,34,34,34,34,34,34
46,46,46,46,46,46,46,46,46,46,46
40,40,40,40,40,40,40,40,40,40,40
13,13,13,13,13,13,13,13,13,13,13
1,1,1,1,1,1,1,1,1,1,1
70,70,70,70,70,70,70,70,70,70,70
64,64,64,64,64,64,64,64,64,64,64
69,69,69,69,69,69,69,69,69,69,69
24,54,54,54,54,54,54,54,54,24,54
44,44,44,44,44,44,44,44,44,44,44
18,18,18,18,18,18,18,18,18,18,18
53,53,53,53,53,53,53,53,53,53,53
3,3,3,3,3,3,3,3,3,3,3
76,76,76,76,76,76,76,76,76,76,76
19,19,19,19,19,19,19,19,19,19,19
29,29,29,29,29,29,29,29,29,29,29
10,10,56,10,10,10,10,10,53,56,10
34,34,34,34,34,34,34,34,34,34,34
85,85,85,85,85,85,85,85,85,85,85
64,64,64,64,64,64,64,64,64,64,64
45,45,45,45,45,45,45,45,45,45,45
37,37,37,37,37,37,37,37,37,37,37
22,22,22,22,22,22,22,22,22,22,22
59,59,59,59,59,59,59,59,59,59,59
64,64,64,64,64,64,64,64,64,64,64
29,29,29,29,29,29,29,29,29,29,29
79,79,53,79,79,79,79,79,79,79,79
87,87,87,87,87,87,87,87,87,87,87
21,21,21,21,21,21,21,21,21,21,21
59,59,59,59,59,59,59,59,59,59,59
67,67,67,67,67,67,67,67,67,67,67
51,51,51,51,51,51,51,51,51,51,51
34,34,34,34,34,34,34,34,34,34,34
32,32,32,32,32,32,32,32,32,32,32
15,15,15,15,15,15,15,15,15,15,15
71,71,71,71,71,71,71,71,71,71,71
69,69,69,69,69,69,69,69,69,69,69
35,35,35,35,35,35,35,35,35,35,35
91,91,91,91,91,91,91,91,91,91,91
15,15,15,15,15,15,15,15,15,15,15
55,55,55,55,55,55,55,55,55,55,55
3,3,3,3,3,3,3,3,3,3,3
26,26,26,26,26,26,26,26,26,26,26
9,9,9,9,9,9,9,9,9,9,9
87,87,87,87,87,87,87,87,87,87,87
69,69,69,69,69,69,69,69,69,69,69
40,40,40,40,40,40,40,40,40,40,40
2,2,37,2,2,2,9,2,2,56,56
40,40,40,40,40,40,40,40,40,40,40
90,90,90,90,90,90,90,90,90,90,90
58,58,58,58,58,58,58,58,58,58,58
27,27,27,27,27,27,27,27,27,27,27
93,93,93,93,93,93,93,93,93,93,93
2,2,2,2,2,2,2,2,2,2,2
10,10,22,10,10,10,10,10,10,10,10
59,59,59,59,59,59,59,59,59,59,59
35,41,56,35,41,41,24,41,57,35,35
76,76,76,76,76,76,76,76,76,76,76
49,49,49,49,49,49,49,49,49,49,49
50,50,50,50,50,50,50,50,50,50,50
91,91,91,91,91,91,91,91,91,91,91
79,79,79,79,79,79,79,79,79,79,79
27,27,27,27,27,27,27,27,27,27,27
35,35,35,35,35,35,35,35,35,35,35
10,10,10,10,10,10,10,10,10,10,10
4,4,4,4,4,4,4,4,4,4,4
19,19,19,19,19,19,19,19,19,19,19
51,51,51,51,51,51,51,51,51,51,51
31,31,31,31,31,31,31,31,31,31,31
18,18,18,18,18,18,18,18,18,18,18
82,82,82,82,82,82,82,82,82,82,82
61,61,61,61,61,61,61,61,61,61,61
91,91,91,91,91,91,91,91,91,91,91
92,92,92,92,92,92,92,92,92,92,92
62,62,62,62,62,62,62,62,62,62,62
84,84,84,84,84,84,84,84,84,84,84
35,35,35,35,35,35,35,35,35,35,35
56,56,56,56,56,56,56,56,56,56,56
33,33,33,33,33,33,33,33,33,33,33
81,81,81,81,81,81,81,81,81,81,81
39,39,39,39,39,39,39,39,39,39,39
45,45,45,45,45,45,45,45,45,45,0
42,42,42,42,42,42,42,42,42,42,42
55,55,55,55,55,55,55,55,55,55,55
65,65,65,65,65,65,65,65,65,65,65
45,45,45,45,45,45,45,45,45,45,45
10,10,10,10,10,10,10,10,10,10,41
64,64,64,64,64,64,64,64,64,64,64
47,47,47,47,47,47,47,47,47,41,47
39,39,39,39,39,39,39,39,39,39,39
58,58,58,58,58,58,58,58,58,58,58
61,61,61,61,61,61,61,61,61,61,61
24,24,24,24,24,24,24,24,24,24,24
1,1,1,1,1,1,1,1,1,1,5
26,26,26,26,26,26,26,26,26,26,26
45,45,45,45,45,45,45,45,45,45,45
10,10,10,10,10,10,10,10,10,79,10
19,19,19,19,19,19,19,19,19,19,19
79,79,79,79,79,79,79,79,79,79,79
4,4,4,4,4,4,4,4,4,4,4
33,33,33,33,33,33,33,33,33,33,33
41,41,41,41,41,41,41,41,40,41,41
83,83,83,83,83,83,83,83,83,83,83
72,72,72,72,72,72,72,72,72,72,72
49,49,49,49,49,49,49,49,49,49,49
16,16,16,16,16,16,16,16,16,16,16
56,56,24,56,56,56,56,56,56,56,56
7,75,37,37,37,37,37,37,37,7,7
88,88,88,88,88,88,88,88,88,88,88
64,64,64,64,64,64,64,64,64,64,64
61,61,61,61,61,61,61,61,61,61,61
26,26,26,26,26,26,26,26,26,26,26
1,1,1,1,1,1,1,1,1,1,1
61,61,61,61,61,61,61,61,61,61,61
48,48,48,48,48,48,48,48,48,48,48
75,75,75,75,75,75,75,75,75,75,75
63,63,63,63,63,63,63,63,63,63,63
88,88,88,88,88,88,88,88,88,88,88
47,47,47,47,47,47,47,47,47,53,47
51,51,51,51,51,51,51,51,51,51,51
6,6,6,6,6,6,6,6,6,6,6
71,71,71,71,71,71,71,71,71,71,71
16,16,16,16,16,16,16,16,16,16,16
84,84,84,84,84,84,84,84,84,84,84
20,20,20,20,20,20,20,20,20,20,20
65,65,65,65,65,65,65,65,65,65,65
54,54,54,54,54,54,54,54,54,54,54
82,82,82,82,82,82,82,82,82,82,82
75,75,75,75,75,75,75,75,75,75,5
14,14,14,14,14,14,14,14,14,14,14
82,82,82,82,82,82,82,82,82,82,82
35,35,35,35,35,35,35,35,35,35,35
54,54,54,54,54,54,54,54,54,54,54
83,83,83,83,83,83,83,83,83,83,83
15,15,15,15,15,15,15,15,15,15,15
68,68,68,68,68,68,68,68,68,68,68
36,36,36,36,36,36,36,36,36,36,36
21,21,21,21,21,21,21,21,21,21,21
48,48,48,48,48,48,48,48,48,48,48
67,67,67,67,67,67,67,67,67,67,67
78,78,78,78,78,78,78,78,78,78,78
94,94,94,94,94,94,94,94,94,94,94
47,47,47,47,47,47,47,47,47,47,47
19,19,19,19,19,19,19,19,19,19,19
68,68,68,68,68,68,68,68,68,68,68
21,21,21,21,21,21,21,21,21,21,21
35,35,35,35,35,35,35,35,35,35,35
87,87,87,87,87,87,87,87,87,87,87
49,49,49,49,49,49,49,49,49,49,49
42,42,42,42,42,42,42,42,42,42,42
69,69,69,69,69,69,69,69,69,69,69
46,46,46,46,46,46,46,46,46,46,46
90,90,90,90,90,90,90,90,90,90,90
14,14,14,14,14,14,14,14,14,14,14
0,0,0,0,0,0,0,0,0,0,0
45,45,45,45,45,45,45,45,45,45,45
26,26,26,26,26,26,26,26,26,26,26
73,73,73,73,73,73,73,73,73,73,73
9,9,9,9,9,9,9,9,9,9,9
39,39,39,39,39,39,39,39,39,39,39
81,81,81,81,81,81,81,81,81,81,81
88,88,88,88,88,88,88,88,88,88,88
34,34,34,34,34,34,34,34,34,34,34
32,32,32,32,32,32,32,32,32,32,32
36,36,36,36,36,36,36,36,36,36,36
60,60,60,60,60,60,60,60,60,60,60
29,29,29,29,29,29,29,29,29,29,29
7,7,7,7,7,7,7,7,7,79,7
1,1,1,1,1,1,1,1,1,1,1
29,29,29,29,29,29,29,29,29,29,29
37,37,37,37,37,37,37,37,37,37,37
31,31,31,31,31,31,31,31,31,31,31
62,62,62,62,62,62,62,62,62,62,62
72,72,72,72,72,72,72,72,72,72,72
56,56,56,56,56,56,56,56,56,56,56
49,49,49,49,49,49,49,49,49,49,49
27,27,27,27,27,27,27,27,27,27,27
82,82,82,82,82,82,82,82,82,82,82
3,3,3,3,3,3,3,3,3,3,3
16,16,16,16,16,16,16,16,16,16,16
68,68,68,68,68,68,68,68,68,68,68
16,16,16,16,16,16,16,16,16,16,16
79,79,53,53,53,53,53,53,47,79,47
94,94,94,94,94,94,94,94,94,94,94
5,5,5,5,5,5,5,5,5,5,56
78,78,78,78,78,78,78,78,78,78,78
78,78,78,78,78,78,78,78,78,78,78
41,41,1,2,18,2,18,2,0,41,41
77,77,77,77,77,77,77,77,77,77,77
58,58,58,58,58,58,58,58,58,58,58
59,59,59,59,59,59,59,59,59,59,59
12,12,12,12,12,12,12,12,12,12,12
89,89,89,89,89,89,89,89,89,89,89
40,40,40,40,40,40,40,40,40,40,40
76,76,76,76,76,76,76,76,76,76,76
13,13,13,13,13,13,13,13,13,13,13
17,17,17,17,17,17,17,17,17,17,17
47,47,47,47,47,47,47,47,47,47,47
42,42,42,42,42,42,42,42,42,42,42
26,26,26,26,26,26,26,26,26,26,26
59,59,59,59,59,59,59,59,59,59,59
10,10,10,10,10,10,10,10,10,10,10
22,22,22,22,22,22,22,22,79,22,22
67,67,67,67,67,67,67,67,67,67,67
17,17,37,17,17,17,17,17,17,17,17
50,50,50,50,50,50,50,50,50,50,50
25,25,25,25,25,25,25,25,25,25,25
49,49,49,49,49,49,49,49,49,49,49
25,25,25,25,25,25,25,25,25,25,25
65,65,65,65,65,65,65,65,65,65,65
70,70,70,70,70,70,70,70,70,70,70
63,63,63,63,63,63,63,63,63,63,63
75,75,75,75,75,75,75,75,75,75,75
3,3,3,3,3,3,3,3,3,3,3
27,27,27,27,27,27,27,27,27,27,27
47,47,47,47,47,47,47,47,47,47,47
32,32,32,32,32,32,32,32,32,32,32
39,39,39,39,39,39,39,39,39,39,39
84,84,84,84,84,84,84,84,84,84,84
31,31,31,31,31,31,31,31,31,31,31
20,20,20,20,20,20,20,20,20,20,20
83,83,83,83,83,83,83,83,83,83,83
18,18,18,18,18,18,18,18,18,18,18
38,38,38,38,38,38,38,38,38,38,38
8,8,8,8,8,8,8,8,8,8,8
34,34,34,34,34,34,34,34,34,34,34
29,29,29,29,29,29,29,29,29,29,29
7,7,1,47,52,7,51,7,52,52,52
65,65,65,65,65,65,65,65,65,65,65
45,45,45,45,45,45,45,45,45,45,45
8,8,8,8,8,8,8,8,8,8,8
49,49,49,49,49,49,49,49,49,49,49
41,41,41,41,41,41,41,41,41,41,41
90,90,90,90,90,90,90,90,90,90,90
48,48,48,48,48,48,48,48,48,48,48
82,82,82,82,82,82,82,82,82,82,82
77,77,77,77,77,77,77,77,77,77,77
3,3,3,3,3,3,3,3,3,3,3
17,17,53,17,17,17,17,17,17,17,17
7,88,7,88,88,88,88,88,88,7,7
73,73,73,73,73,73,73,73,73,73,73
23,23,23,23,23,23,23,23,23,23,23
61,61,61,61,61,61,61,61,61,61,61
16,16,16,16,16,16,16,16,16,16,16
79,79,79,79,79,79,79,79,79,79,79
77,77,77,77,77,77,77,77,77,77,77
68,68,68,68,68,68,68,68,68,68,68
65,65,65,65,65,65,65,65,65,65,65
15,15,15,15,15,15,15,15,15,15,15
61,61,61,61,61,61,61,61,61,61,61
18,18,18,18,18,18,18,18,18,18,18
0,0,0,0,0,0,0,0,0,0,0
60,60,60,60,60,60,60,60,60,60,60
3,3,3,3,3,3,3,3,3,3,3
60,60,60,60,60,60,60,60,60,60,60
7,56,65,56,65,56,65,65,65,56,15
59,59,59,59,59,59,59,59,59,59,59
32,32,32,32,32,32,32,32,32,32,32
13,13,13,13,13,13,13,13,13,13,13
47,79,5,5,5,5,1,5,79,5,5
7,24,24,24,24,24,24,24,24,75,12
18,18,18,18,18,18,18,18,18,18,18
31,31,31,31,31,31,31,31,31,31,31
67,67,67,67,67,67,67,67,67,67,67
84,84,84,84,84,84,84,84,84,84,84
67,67,67,67,67,67,67,67,67,67,67
3,3,3,3,3,3,3,3,3,3,3
53,18,18,18,18,18,18,18,18,18,18
16,16,16,16,16,16,16,16,16,16,16
55,55,55,55,55,55,55,55,55,55,55
50,50,50,50,50,50,50,50,50,50,50
76,76,76,76,76,76,76,76,76,76,76
1,1,1,1,1,1,1,1,1,1,1
81,81,81,81,81,81,81,81,81,81,81
12,12,12,12,12,12,12,12,12,12,12
87,87,87,87,87,87,87,87,87,87,87
40,40,40,40,40,40,40,40,40,40,40
32,32,32,32,32,32,32,32,32,32,32
87,87,87,87,87,87,87,87,87,87,87
53,53,53,53,53,53,53,53,53,53,53
73,73,73,73,73,73,73,73,73,73,73
26,26,26,26,26,26,26,26,26,26,26
77,77,77,77,77,77,77,77,77,77,77
22,22,22,22,22,22,22,22,22,22,22
87,87,87,87,87,87,87,87,87,87,87
48,48,48,48,48,48,48,48,48,48,48
19,19,19,19,19,19,19,19,19,19,19
0,0,0,0,0,0,0,0,0,0,0
42,42,42,42,42,42,42,42,42,42,42
92,92,92,92,92,92,92,92,92,92,92
60,60,60,60,60,60,60,60,60,60,60
66,66,66,66,66,66,66,66,66,66,66
3,3,3,3,3,3,3,3,3,3,3
68,68,68,68,68,68,68,68,68,68,68
57,57,57,57,57,57,57,57,57,57,57
18,18,18,18,18,18,18,18,18,18,18
38,38,38,38,38,38,38,38,38,38,38
27,27,27,27,27,27,27,27,27,27,27
58,58,58,58,58,58,58,58,58,58,58
75,75,75,75,75,75,75,75,75,75,75
61,61,61,61,61,61,61,61,61,61,61
22,22,22,22,22,22,22,22,22,22,22
18,18,18,18,18,18,18,18,18,18,18
74,74,74,74,74,74,74,74,74,74,74
12,12,12,12,12,12,12,12,12,12,12
18,18,18,18,18,18,18,18,18,18,18
26,26,26,26,26,26,26,26,26,26,26
14,14,14,14,14,14,14,14,14,14,14
45,45,45,45,45,45,45,45,45,45,45
59,59,59,59,59,59,59,59,59,59,59
74,74,74,74,74,74,74,74,74,74,74
24,24,24,24,24,24,24,24,24,24,24
61,61,61,61,61,61,61,61,61,61,61
34,34,34,34,34,34,34,34,34,34,34
57,57,57,57,57,57,57,57,57,57,57
78,78,78,78,78,78,78,78,78,78,78
24,37,24,24,24,24,24,24,15,24,24
83,83,83,83,83,83,83,83,83,83,83
4,4,4,4,4,4,4,4,4,4,4
92,92,92,92,92,92,92,92,92,92,92
18,18,18,18,18,18,18,18,18,18,18
90,90,90,90,90,90,90,90,90,90,90
76,76,76,76,76,76,76,76,76,76,76
40,40,40,40,40,40,40,40,40,40,40
47,47,47,47,47,47,79,47,47,79,79
20,20,20,20,20,20,20,20,20,20,20
66,66,66,66,66,66,66,66,66,66,66
5,5,5,5,5,5,5,5,5,79,5
10,10,10,10,10,10,10,10,10,10,10
18,79,53,79,24,79,24,79,5,7,53
3,3,3,3,3,3,3,3,3,3,3
32,32,32,32,32,32,32,32,32,32,32
35,35,35,35,35,35,35,35,35,35,35
5,79,22,5,22,22,79,79,5,5,5
7,24,24,1,35,24,24,24,24,56,12
19,19,19,19,19,19,19,19,19,19,19
12,12,12,12,12,12,12,12,12,24,12
49,49,49,49,49,49,49,49,49,49,49
10,10,10,10,10,10,10,10,10,10,10
68,68,68,68,68,68,68,68,68,68,68
93,93,93,93,93,93,93,93,93,93,93
63,41,1,41,41,41,41,41,41,63,63
32,32,32,32,32,32,32,32,32,32,32
70,70,70,70,70,70,70,70,70,70,70
66,66,66,66,66,66,66,66,66,66,66
37,37,37,37,37,37,37,37,37,37,37
26,26,26,26,26,26,26,26,26,26,26
13,13,13,13,13,13,13,13,13,13,13
5,5,5,5,5,5,5,5,5,5,5
8,8,8,8,8,8,8,8,8,8,8
26,26,26,26,26,26,26,26,26,26,26
46,46,46,46,46,46,46,46,46,46,46
55,55,55,55,55,55,55,55,55,55,55
2,2,2,2,2,2,2,2,2,2,2
28,28,28,28,28,28,28,28,28,28,28
10,10,10,10,10,10,10,10,10,10,10
13,13,13,13,13,13,13,13,13,13,13
35,35,35,35,35,35,35,35,7,35,35
37,37,37,37,37,37,37,37,37,37,37
0,0,9,2,56,7,10,56,9,0,0
61,61,61,61,61,61,61,61,61,61,61
8,8,8,8,8,8,8,8,8,8,8
75,75,75,75,75,75,75,75,75,75,5
59,59,59,59,59,59,59,59,59,59,59
9,9,9,9,9,9,9,9,9,9,9
18,18,18,18,18,18,18,18,18,18,18
42,42,42,42,42,42,42,42,42,42,42
13,13,13,13,13,13,13,13,13,13,13
12,12,12,12,12,12,12,12,12,12,12
70,70,70,70,70,70,70,70,70,70,70
89,89,89,89,89,89,89,89,89,89,89
3,3,3,3,3,3,3,3,3,3,3
78,78,78,78,78,78,78,78,78,78,78
50,50,50,50,50,50,50,50,50,50,50
56,56,56,56,56,56,56,56,56,56,56
34,34,34,34,34,34,34,34,34,34,34
80,80,80,80,80,80,80,80,80,80,80
85,85,85,85,85,85,85,85,85,85,85
6,6,6,6,6,6,6,6,6,6,6
44,44,44,44,44,44,44,44,44,44,44
40,40,40,40,40,40,40,40,40,40,40
46,46,46,46,46,46,46,46,46,46,46
84,84,84,84,84,84,84,84,84,84,84
0,0,0,0,0,0,0,0,0,0,0
80,80,80,80,80,80,80,80,80,80,80
27,27,27,27,27,27,27,27,27,27,27
1,1,53,1,1,1,1,1,9,1,1
24,24,24,24,24,24,24,24,24,24,53
26,26,26,26,26,26,26,26,26,26,26
40,40,40,40,40,40,40,40,40,40,40
18,18,18,18,18,18,18,18,18,18,18
4,4,4,4,4,4,4,4,4,4,4
77,77,77,77,77,77,77,77,77,77,77
35,35,35,35,35,35,35,35,35,35,35
30,30,30,30,30,30,30,30,30,30,30
90,90,90,90,90,90,90,90,90,90,90
78,78,78,78,78,78,78,78,78,78,78
52,52,52,52,52,52,52,52,52,52,52
18,18,18,18,18,18,18,18,18,18,35
9,9,9,9,9,9,9,9,9,9,9
11,11,11,11,11,11,11,11,11,11,11
63,63,63,63,63,63,63,63,63,63,63
50,50,50,50,50,50,50,50,50,50,50
20,20,20,20,20,20,20,20,20,20,20
47,47,1,47,47,47,47,47,12,47,47
75,75,5,75,75,75,75,75,75,75,75
57,57,57,57,57,57,57,57,57,57,57
75,75,75,75,75,75,75,75,75,75,75
12,17,12,12,12,12,12,12,22,12,12
15,56,24,65,65,65,65,65,65,37,15
27,27,27,27,27,27,27,27,27,27,27
52,52,52,52,52,52,52,52,52,52,52
35,35,5,5,5,5,35,5,35,35,35
3,3,3,3,3,3,3,3,3,3,3
81,81,81,81,81,81,81,81,81,81,81
79,79,37,79,79,79,79,79,1,79,79
42,42,42,42,42,42,42,42,42,42,42
88,88,88,88,88,88,88,88,88,88,88
57,57,57,57,57,57,57,57,57,57,57
25,25,25,25,25,25,25,25,25,25,25
11,11,11,11,11,11,11,11,11,11,11
62,62,62,62,62,62,62,62,62,62,62
82,82,82,82,82,82,82,82,82,82,82
18,18,18,18,18,18,18,18,18,18,18
26,26,26,26,26,26,26,26,26,26,26
35,35,35,35,35,35,35,35,35,35,35
62,62,62,62,62,62,62,62,62,62,62
89,89,89,89,89,89,89,89,89,89,89
78,78,78,78,78,78,78,78,78,78,78
15,15,15,15,15,15,15,15,15,15,15
26,26,26,26,26,26,26,26,26,26,26
81,81,81,81,81,81,81,81,81,81,81
83,83,83,83,83,83,83,83,83,83,83
65,65,65,65,65,65,65,65,65,65,65
17,17,17,17,17,17,17,17,17,17,17
44,44,44,44,44,44,44,44,44,44,44
31,31,31,31,31,31,31,31,31,31,31
48,48,48,48,48,48,48,48,48,48,48
37,37,37,37,37,37,37,37,37,56,37
18,18,18,18,18,18,18,18,18,18,18
3,3,3,3,3,3,3,3,3,3,3
26,26,26,26,26,26,26,26,26,26,26
89,89,89,89,89,89,89,89,89,89,89
7,7,7,7,75,7,7,7,7,75,7
88,88,88,88,88,88,88,88,88,88,88
24,24,24,24,24,24,24,24,24,24,12
84,84,84,84,84,84,84,84,84,84,84
80,80,80,80,80,80,80,80,80,80,80
53,53,53,53,53,53,53,53,53,53,53
58,58,58,58,58,58,58,58,58,58,58
29,29,29,29,29,29,29,29,29,29,29
51,51,51,51,51,51,51,51,51,51,51
6,6,6,6,6,6,6,6,6,6,6
73,73,73,73,73,73,73,73,73,73,73
18,18,18,18,18,18,18,18,18,18,18
88,88,88,88,88,88,88,88,88,88,88
18,18,18,18,18,18,18,18,18,18,18
36,36,36,36,36,36,36,36,36,36,36
70,70,70,70,70,70,70,70,70,70,70
84,84,84,84,84,84,84,84,84,84,84
55,55,55,55,55,55,55,55,55,55,55
53,47,9,24,53,24,53,24,47,53,53
93,93,93,93,93,93,93,93,93,93,93
64,64,64,64,64,64,64,64,64,64,64
65,65,65,65,65,65,65,65,65,65,65
82,82,82,82,82,82,82,82,82,82,82
24,24,24,24,24,24,24,24,24,24,24
41,41,41,41,41,41,41,41,41,41,41
18,18,18,18,18,18,18,18,18,18,18
83,83,83,83,83,83,83,83,83,83,83
5,5,5,5,5,5,5,5,5,47,5
41,41,41,41,41,41,41,41,41,41,41
69,69,69,69,69,69,69,69,69,69,69
17,17,17,17,17,17,17,17,17,17,17
44,44,44,44,44,44,44,44,44,44,44
87,87,87,87,87,87,87,87,87,87,87
68,68,68,68,68,68,68,68,68,68,68
2,2,2,2,2,2,2,2,2,2,2
90,90,90,90,90,90,90,90,90,90,90
90,90,90,90,90,90,90,90,90,90,90
77,77,77,77,77,77,77,77,77,77,77
10,10,10,10,10,10,10,10,10,10,10
59,59,59,59,59,59,59,59,59,59,59
56,56,56,56,56,56,56,56,56,56,56
90,90,90,90,90,90,90,90,90,90,90
31,31,31,31,31,31,31,31,31,31,31
77,77,77,77,77,77,77,77,77,77,77
81,81,81,81,81,81,81,81,81,81,81
19,19,19,19,19,19,19,19,19,19,19
71,71,71,71,71,71,71,71,71,71,71
66,66,66,66,66,66,66,66,66,66,66
4,4,4,4,4,4,4,4,4,4,4
89,89,89,89,89,89,89,89,89,89,89
39,39,39,39,39,39,39,39,39,39,39
0,0,0,0,0,0,0,0,0,0,0
74,74,74,74,74,74,74,74,74,74,74
56,56,56,56,56,56,56,56,56,37,65
23,23,23,23,23,23,23,23,23,23,23
33,33,33,33,33,33,33,33,33,33,33
43,43,43,43,43,43,43,43,43,43,43
53,53,53,53,53,53,53,53,53,56,53
69,69,69,69,69,69,69,69,69,69,69
60,60,60,60,60,60,60,60,60,60,60
74,74,74,74,74,74,74,74,74,74,74
28,28,28,28,28,28,28,28,28,28,28
19,19,19,19,19,19,19,19,19,19,19
20,20,20,20,20,20,20,20,20,20,20
15,15,15,15,15,15,15,15,15,15,15
29,29,29,29,29,29,29,29,29,29,29
87,87,87,87,87,87,87,87,87,87,87
88,88,88,88,88,88,88,88,88,88,88
19,19,19,19,19,19,19,19,19,19,19
32,32,32,32,32,32,32,32,32,32,32
51,51,51,51,51,51,51,51,51,51,51
80,80,80,80,80,80,80,80,80,80,80
18,18,18,18,18,18,18,18,18,18,18
45,0,0,0,0,0,0,0,0,45,45
3,3,3,3,3,3,3,3,3,3,3
33,33,33,33,33,33,33,33,33,33,33
22,22,22,22,22,22,22,22,22,22,22
72,72,72,72,72,72,72,72,72,72,72
42,42,42,42,42,42,42,42,42,42,42
61,61,61,61,61,61,61,61,61,61,61
86,86,86,86,86,86,86,86,86,86,86
0,0,0,0,0,0,0,0,0,0,0
53,53,53,53,53,53,53,53,53,7,53
10,10,10,10,10,10,10,10,10,47,10
35,35,35,35,35,35,35,35,35,35,35
50,50,50,50,50,50,50,50,50,50,50
71,71,71,71,71,71,71,71,71,71,71
39,39,39,39,39,39,39,39,39,39,39
12,12,12,12,12,12,12,12,12,12,12
37,37,37,37,37,37,37,37,37,56,37
90,90,90,90,90,90,90,90,90,90,90
52,52,52,52,52,52,52,52,52,52,52
76,76,76,76,76,76,76,76,76,76,76
6,6,6,6,6,6,6,6,6,6,6
92,92,92,92,92,92,92,92,92,92,92
59,59,59,59,59,59,59,59,59,59,59
85,85,85,85,85,85,85,85,85,85,85
22,22,22,22,22,22,22,22,22,22,22
7,88,7,88,88,88,88,88,88,7,88
54,54,54,54,54,54,54,54,54,54,54
72,72,72,72,72,72,72,72,72,72,72
33,33,33,33,33,33,33,33,33,33,33
72,72,72,72,72,72,72,72,72,72,72
50,50,50,50,50,50,50,50,50,50,50
21,21,21,21,21,21,21,21,21,21,21
63,63,63,63,63,63,63,63,63,63,63
5,5,5,5,5,5,5,5,5,5,5
7,88,1,7,7,7,1,7,7,7,88
70,70,70,70,70,70,70,70,70,70,70
12,12,12,12,12,12,12,12,12,12,12
82,82,82,82,82,82,82,82,82,82,82
48,48,48,48,48,48,48,48,48,48,48
2,2,2,2,2,2,2,2,2,7,2
26,26,26,26,26,26,26,26,26,26,26
52,52,52,52,52,52,52,52,52,52,52
47,79,5,5,5,5,1,5,79,53,5
55,55,55,55,55,55,55,55,55,55,55
71,71,71,71,71,71,71,71,71,71,71
61,61,61,61,61,61,61,61,61,61,61
64,64,64,64,64,64,64,64,64,64,64
79,79,79,79,79,79,79,79,79,79,79
3,3,3,3,3,3,3,3,3,3,3
67,67,67,67,67,67,67,67,67,67,67
54,54,54,54,54,54,54,54,54,54,54
61,61,61,61,61,61,61,61,61,61,61
83,83,83,83,83,83,83,83,83,83,83
80,80,80,80,80,80,80,80,80,80,80
29,29,29,29,29,29,29,29,29,29,29
73,73,73,73,73,73,73,73,73,73,73
53,53,53,53,53,53,53,53,53,53,53
20,20,20,20,20,20,20,20,20,20,20
53,53,53,53,53,53,53,53,53,53,53
34,34,34,34,34,34,34,34,34,34,34
93,93,93,93,93,93,93,93,93,93,93
54,54,54,54,54,54,54,54,54,54,54
10,10,10,10,10,10,10,10,10,10,10
10,10,10,10,10,10,10,10,10,10,1
69,69,69,69,69,69,69,69,69,69,69
74,74,74,74,74,74,74,74,74,74,74
61,61,61,61,61,61,61,61,61,61,61
18,18,18,18,18,18,18,18,18,18,18
78,78,78,78,78,78,78,78,78,78,78
62,62,62,62,62,62,62,62,62,62,62
42,42,42,42,42,42,42,42,42,42,42
12,12,17,12,12,12,12,12,12,12,12
54,54,7,7,7,7,7,7,7,54,54
40,40,40,40,40,40,40,40,40,40,40
42,42,42,42,42,42,42,42,42,42,42
69,69,69,69,69,69,69,69,69,69,69
24,54,54,54,54,54,24,54,54,24,54
36,36,36,36,36,36,36,36,36,36,36
56,56,56,56,56,56,56,56,56,56,56
35,35,35,35,35,35,35,35,35,35,35
59,59,59,59,59,59,59,59,59,59,59
65,65,65,65,65,65,65,65,65,65,65
56,56,56,56,56,88,56,56,56,56,56
14,14,14,14,14,14,14,14,14,14,14
86,86,86,86,86,86,86,86,86,86,86
45,45,45,45,45,45,45,45,45,45,45
10,10,10,10,10,10,10,10,2,41,7
82,82,82,82,82,82,82,82,82,82,82
80,80,80,80,80,80,80,80,80,80,80
24,79,37,24,24,24,24,24,56,24,24
89,89,89,89,89,89,89,89,89,89,89
38,38,38,38,38,38,38,38,38,38,38
41,41,41,41,41,41,41,41,41,41,56
23,23,23,23,23,23,23,23,23,23,23
61,61,61,61,61,61,61,61,61,61,31
50,50,50,50,50,50,50,50,50,50,50
90,90,90,90,90,90,90,90,90,90,90
0,0,0,0,0,0,0,0,0,0,0
46,46,46,46,46,46,46,46,46,46,46
48,48,48,48,48,48,48,48,48,48,48
44,44,44,44,44,44,44,44,44,44,44
68,68,68,68,68,68,68,68,68,68,68
33,33,33,33,33,33,33,33,33,33,33
38,38,38,38,38,38,38,38,38,38,38
56,56,56,56,56,56,56,56,56,56,56
0,0,0,0,0,0,0,0,0,0,0
19,19,19,19,19,19,19,19,19,19,19
23,23,23,23,23,23,23,23,23,23,23
58,58,58,58,58,58,58,58,58,58,58
55,55,55,55,55,55,55,55,55,55,55
90,90,90,90,90,90,90,90,90,90,90
84,84,84,84,84,84,84,84,84,84,84
83,83,83,83,83,83,83,83,83,83,83
68,68,68,68,68,68,68,68,68,68,68
93,93,93,93,93,93,93,93,93,93,93
43,43,43,43,43,43,43,43,43,43,43
20,20,20,20,20,20,20,20,20,20,20
26,26,26,26,26,26,26,26,26,26,26
91,91,91,91,91,91,91,91,91,91,91
92,92,92,92,92,92,92,92,92,92,92
63,63,63,63,63,63,63,63,63,63,63
90,90,90,90,90,90,90,90,90,90,90
16,16,16,16,16,16,16,16,16,16,16
0,0,0,0,0,0,0,0,0,0,0
14,14,14,14,14,14,14,14,14,14,14
23,23,23,23,23,23,23,23,23,23,23
12,12,12,12,12,12,12,12,12,12,12
1,1,1,1,1,1,1,1,1,1,1
42,42,42,42,42,42,42,42,42,42,42
68,68,68,68,68,68,68,68,68,68,68
57,57,57,57,57,57,57,57,57,57,57
25,25,25,25,25,25,25,25,25,25,25
41,41,41,41,41,41,41,41,41,41,41
17,17,17,17,17,17,17,17,17,17,17
94,94,94,94,94,94,94,94,94,94,94
74,74,74,74,74,74,74,74,74,74,74
73,73,73,73,73,73,73,73,73,73,73
46,46,46,46,46,46,46,46,46,46,46
27,27,27,27,27,27,27,27,27,27,27
52,52,52,52,52,52,52,52,52,52,52
29,29,29,29,29,29,29,29,29,29,29
30,30,30,30,30,30,30,30,30,30,30
22,22,22,22,22,22,22,22,22,22,22
11,11,11,11,11,11,11,11,11,11,11
22,22,22,22,22,22,22,22,22,22,22
18,18,18,18,18,18,18,18,18,18,18
35,35,35,35,35,35,35,35,35,35,35
46,46,46,46,46,46,46,46,46,46,46
79,79,79,79,79,79,79,79,79,79,79
33,33,33,33,33,33,33,33,33,33,33
27,27,27,27,27,27,27,27,27,27,27
18,18,18,18,18,18,18,18,18,18,18
47,47,47,47,47,47,47,47,47,47,47
75,75,5,75,75,75,75,75,75,5,75
86,86,86,86,86,86,86,86,86,86,86
0,0,0,0,0,0,0,0,0,0,0
94,94,94,94,94,94,94,94,94,94,94
54,54,54,54,54,54,54,54,54,54,54
41,41,41,41,41,41,41,41,41,41,41
61,61,61,61,61,61,61,61,61,61,61
12,12,12,12,12,12,12,12,12,12,12
9,9,9,9,9,9,9,9,9,9,9
9,9,9,9,9,9,9,9,9,9,9
71,71,71,71,71,71,71,71,71,71,71
42,42,42,42,42,42,42,42,42,42,42
70,70,70,70,70,70,70,70,70,70,70
51,51,51,51,51,51,51,51,51,51,51
25,25,25,25,25,25,25,25,25,25,25
10,10,10,10,10,10,10,10,10,10,10
17,17,17,17,17,17,17,17,17,17,17
35,35,35,35,35,35,35,35,35,35,63
88,88,88,88,88,88,88,88,88,88,88
37,37,37,37,37,37,37,37,37,37,37
25,25,25,25,25,25,25,25,25,25,25
60,60,60,60,60,60,60,60,60,60,60
24,17,17,17,17,17,17,17,17,24,24
10,10,10,10,10,10,10,10,10,10,10
5,5,5,5,5,5,5,5,5,5,5
26,26,26,26,26,26,26,26,26,26,26
94,94,94,94,94,94,94,94,94,94,94
46,46,46,46,46,46,46,46,46,46,46
42,42,42,42,42,42,42,42,42,42,42
63,63,63,63,63,63,63,63,63,63,63
88,88,88,88,88,88,88,88,88,88,88
2,2,2,2,2,2,2,2,2,5,2
20,20,20,20,20,20,20,20,20,20,20
65,65,65,65,65,65,65,65,65,65,65
71,71,71,71,71,71,71,71,71,71,71
59,59,59,59,59,59,59,59,59,59,59
16,16,16,16,16,16,16,16,16,16,16
35,35,35,35,35,35,35,35,35,35,35
41,41,41,41,41,41,41,41,41,41,41
68,68,68,68,68,68,68,68,68,68,68
78,78,78,78,78,78,78,78,78,78,78
74,74,74,74,74,74,74,74,74,74,74
73,73,73,73,73,73,73,73,73,73,73
75,75,79,75,75,75,75,75,75,75,75
70,70,70,70,70,70,70,70,70,70,70
88,88,88,88,88,88,88,88,88,88,88
62,62,62,62,62,62,62,62,62,62,62
25,25,25,25,25,25,25,25,25,25,25
24,24,24,24,24,24,24,24,24,24,24
80,80,80,80,80,80,80,80,80,80,80
4,4,4,4,4,4,4,4,4,4,4
42,42,42,42,42,42,42,42,42,42,42
36,36,36,36,36,36,36,36,36,36,36
22,22,22,22,22,22,22,22,22,22,22
46,46,46,46,46,46,46,46,46,46,46
69,69,69,69,69,69,69,69,69,69,69
88,88,88,88,88,88,88,88,88,88,88
37,37,37,37,37,37,37,37,37,37,37
61,61,61,61,61,61,61,61,61,61,61
53,47,47,47,47,47,47,47,47,47,47
47,47,47,47,47,47,47,47,47,47,47
26,26,26,26,26,26,26,26,26,26,26
71,71,71,71,71,71,71,71,71,71,71
45,45,45,45,45,45,45,45,0,45,45
41,41,1,2,18,2,18,2,0,41,41
75,75,75,75,75,75,75,75,75,75,75
62,62,62,62,62,62,62,62,62,62,62
29,29,29,29,29,29,29,29,29,29,29
59,59,59,59,59,59,59,59,59,59,59
56,56,56,56,56,56,56,56,56,56,56
49,49,49,49,49,49,49,49,49,49,49
23,23,23,23,23,23,23,23,23,23,23
45,45,45,45,45,45,45,45,45,45,45
37,37,37,37,37,37,37,37,37,37,37
71,71,71,71,71,71,71,71,71,71,71
44,44,44,44,44,44,44,44,44,44,44
91,91,91,91,91,91,91,91,91,91,91
43,43,43,43,43,43,43,43,43,43,43
53,53,53,53,53,53,53,53,1,53,53
26,26,26,26,26,26,26,26,26,26,26
74,74,74,74,74,74,74,74,74,74,74
46,46,46,46,46,46,46,46,46,46,46
75,75,75,75,75,75,75,75,75,75,75
37,37,37,37,37,37,37,37,37,53,37
32,32,32,32,32,32,32,32,32,32,32
2,2,2,2,2,2,2,2,2,2,2
51,51,51,51,51,51,51,51,51,51,51
50,50,50,50,50,50,50,50,50,50,50
58,58,58,58,58,58,58,58,58,58,58
71,71,71,71,71,71,71,71,71,71,71
15,15,15,15,15,15,15,15,15,15,15
1,1,1,1,1,1,1,1,1,1,1
61,61,61,61,61,61,61,61,4,61,61
44,44,44,44,44,44,44,44,44,44,44
80,80,80,80,80,80,80,80,80,80,80
13,13,13,13,13,13,13,13,13,13,13
46,46,46,46,46,46,46,46,46,46,46
81,81,81,81,81,81,81,81,81,81,81
8,8,8,8,8,8,8,8,8,8,8
37,37,37,37,37,37,37,37,37,37,37
13,13,13,13,13,13,13,13,13,13,13
78,78,78,78,78,78,78,78,78,78,78
26,26,26,26,26,26,26,26,26,26,26
63,63,63,63,63,63,63,63,63,63,63
17,12,1,12,17,12,1,12,12,17,12
78,78,78,78,78,78,78,78,78,78,78
17,17,17,17,17,17,17,17,17,17,17
4,4,4,61,4,4,4,4,4,4,4
76,76,76,76,76,76,76,76,76,76,76
10,10,10,10,10,10,10,10,10,10,10
25,25,25,25,25,25,25,25,25,25,25
31,31,31,31,31,31,31,31,31,31,31
27,27,27,27,27,27,27,27,27,27,27
73,73,73,73,73,73,73,73,73,73,73
37,37,37,37,37,37,37,37,37,37,37
71,71,71,71,71,71,71,71,71,71,71
5,5,5,5,5,5,5,5,5,5,12
32,32,32,32,32,32,32,32,32,32,32
37,37,37,37,37,37,37,37,37,37,37
9,9,9,9,9,9,9,9,9,9,9
78,78,78,78,78,78,78,78,78,78,78
23,23,23,23,23,23,23,23,23,23,23
79,79,37,79,79,79,79,79,79,79,79
94,94,94,94,94,94,94,94,94,94,94
70,70,70,70,70,70,70,70,70,70,70
50,50,50,50,50,50,50,50,50,50,50
28,28,28,28,28,28,28,28,28,28,28
35,35,35,35,35,35,35,35,35,35,35
15,56,24,65,65,65,65,65,65,37,15
51,51,51,51,51,51,51,51,51,51,51
16,16,16,16,16,16,16,16,16,16,16
31,31,31,31,31,31,31,31,31,31,31
14,14,14,14,14,14,14,14,14,14,14
35,35,35,35,35,35,35,35,35,35,35
83,83,83,83,83,83,83,83,83,83,83
13,13,13,13,13,13,13,13,13,13,13
75,75,75,75,75,75,75,75,75,75,75
72,72,72,72,72,72,72,72,72,72,72
76,76,76,76,76,76,76,76,76,76,76
66,66,66,66,66,66,66,66,66,66,66
71,71,71,71,71,71,71,71,71,71,71
68,68,68,68,68,68,68,68,68,68,68
35,35,35,35,35,35,35,35,35,35,35
22,22,22,22,22,22,22,22,22,22,22
60,60,60,60,60,60,60,60,60,60,60
2,2,2,2,2,2,2,2,2,2,2
4,61,61,61,61,61,61,61,61,4,61
73,73,73,73,73,73,73,73,73,73,73
64,64,64,64,64,64,64,64,64,64,64
36,36,36,36,36,36,36,36,36,36,36
38,38,38,38,38,38,38,38,38,38,38
78,78,78,78,78,78,78,78,78,78,78
90,90,90,90,90,90,90,90,90,90,90
79,79,79,79,37,79,17,79,79,79,79
11,11,11,11,11,11,11,11,11,11,11
2,2,2,2,2,2,2,2,2,2,12
47,47,10,47,47,47,47,47,47,47,47
1,1,1,1,1,1,1,1,1,1,1
31,31,31,31,31,31,31,31,31,31,31
56,56,56,24,24,24,24,24,2,43,0
77,77,77,77,77,77,77,77,77,77,77
27,27,27,27,27,27,27,27,27,27,27
25,25,25,25,25,25,25,25,25,25,25
64,64,64,64,64,64,64,64,64,64,64
90,90,90,90,90,90,90,90,90,90,90
65,65,65,65,65,65,65,65,65,65,65
66,66,66,66,66,66,66,66,66,66,66
34,34,34,34,34,34,34,34,34,34,34
92,92,92,92,92,92,92,92,92,92,92
17,17,17,17,17,17,17,17,17,17,17
11,11,11,11,11,11,11,11,11,11,11
92,92,92,92,92,92,92,92,92,92,92
59,59,59,59,59,59,59,59,59,59,59
64,64,64,64,64,64,64,64,64,64,64
75,75,75,75,75,75,75,75,75,75,75
81,81,81,81,81,81,81,81,81,81,81
75,75,5,75,75,75,75,75,75,5,75
77,77,77,77,77,77,77,77,77,77,77
26,26,26,26,26,26,26,26,26,26,26
52,52,52,52,52,52,52,52,52,52,52
0,0,0,0,0,0,0,0,0,0,0
33,33,33,33,33,33,33,33,33,33,33
43,43,43,43,43,43,43,43,43,43,43
41,41,41,41,41,41,41,41,41,41,41
23,23,23,23,23,23,23,23,23,23,23
82,82,82,82,82,82,82,82,82,82,82
26,26,26,26,26,26,26,26,26,26,26
21,21,21,21,21,21,21,21,21,21,21
82,82,82,82,82,82,82,82,82,82,82
26,26,26,26,26,26,26,26,26,26,26
11,11,11,11,11,11,11,11,11,85,11
46,46,46,46,46,46,46,46,46,46,46
85,85,85,85,85,85,85,85,85,85,85
38,38,38,38,38,38,38,38,38,38,38
11,11,11,11,11,11,11,11,11,11,11
32,32,32,32,32,32,32,32,32,32,32
23,23,23,23,23,23,23,23,23,23,23
56,56,56,56,56,56,56,56,56,56,56
82,82,82,82,82,82,82,82,82,82,82
61,61,31,61,61,31,31,31,31,61,31
2,2,2,2,2,2,2,2,2,2,53
21,21,21,21,21,21,21,21,21,21,21
87,87,87,87,87,87,87,87,87,87,87
34,34,34,34,34,34,34,34,34,34,34
0,0,0,0,0,0,0,0,0,0,0
11,11,11,11,11,11,11,11,11,11,11
55,55,55,55,55,55,55,55,55,55,55
42,42,42,42,42,42,42,42,42,42,42
40,40,40,40,40,40,40,40,40,40,40
32,32,32,32,32,32,32,32,32,32,32
35,79,37,5,35,5,35,5,35,35,35
17,17,17,17,17,17,17,17,17,17,75
53,53,53,53,53,53,53,53,53,53,53
71,71,71,71,71,71,71,71,71,71,71
23,23,23,23,23,23,23,23,23,23,23
86,86,86,86,86,86,86,86,86,86,86
8,8,8,8,8,8,8,8,8,8,8
85,85,85,85,85,85,85,85,85,85,85
3,3,3,3,3,3,3,3,3,3,3
16,16,16,16,16,16,16,16,16,16,16
37,37,37,37,37,37,37,37,37,53,17
24,24,24,24,24,24,24,24,24,24,41
90,90,90,90,90,90,90,90,90,90,90
68,68,68,68,68,68,68,68,68,68,68
18,18,18,18,18,18,18,18,18,18,18
78,78,78,78,78,78,78,78,78,78,78
78,78,78,78,78,78,78,78,78,78,78
93,93,93,93,93,93,93,93,93,93,93
65,65,65,65,65,65,65,65,65,65,65
49,49,49,49,49,49,49,49,49,49,49
67,67,67,67,67,67,67,67,67,67,67
12,12,12,12,12,12,12,12,12,12,12
62,62,62,62,62,62,62,62,62,62,62
37,37,37,37,37,37,37,37,37,37,37
18,18,18,18,18,18,18,18,18,18,18
12,12,12,12,12,12,12,12,12,12,12
0,0,0,0,0,0,0,0,0,0,0
16,16,16,16,16,16,16,16,16,16,16
56,56,56,56,56,56,56,56,56,56,56
20,20,20,20,20,20,20,20,20,20,20
64,64,64,64,64,64,64,64,64,64,64
55,55,55,55,55,55,55,55,55,55,55
87,87,87,87,87,87,87,87,87,87,87
39,39,39,39,39,39,39,39,39,39,39
48,48,48,48,48,48,48,48,48,48,48
58,58,58,58,58,58,58,58,58,58,58
74,74,74,74,74,74,74,74,74,74,74
82,82,82,82,82,82,82,82,82,82,82
0,0,0,0,0,0,0,0,0,0,0
67,67,67,67,67,67,67,67,67,67,67
11,11,11,11,11,11,11,11,11,11,11
30,30,30,30,30,30,30,30,30,30,30
72,72,72,72,72,72,72,72,72,72,72
15,15,15,15,15,15,15,15,15,15,15
64,64,64,64,64,64,64,64,64,64,64
48,48,48,48,48,48,48,48,48,48,48
91,91,91,91,91,91,91,91,91,91,91
18,18,18,18,18,18,18,18,18,18,18
41,41,41,41,41,41,41,41,41,41,41
56,56,56,56,56,56,10,56,24,56,56
94,94,94,94,94,94,94,94,94,94,94
7,7,7,7,7,7,7,7,7,7,7
36,36,36,36,36,36,36,36,36,36,36
19,19,19,19,19,19,19,19,19,19,19
30,30,30,30,30,30,30,30,30,30,30
60,60,60,60,60,60,60,60,60,60,60
72,72,72,72,72,72,72,72,72,72,72
54,54,54,54,54,54,54,54,54,54,54
73,73,73,73,73,73,73,73,73,73,73
24,24,24,24,24,24,24,24,24,24,24
4,4,4,4,4,4,4,4,4,4,4
7,7,7,7,7,7,7,7,7,7,53
55,55,55,55,55,55,55,55,55,55,55
50,50,50,50,50,50,50,50,50,50,50
23,23,23,23,23,23,23,23,23,23,23
35,35,75,35,35,35,35,35,35,35,35
85,85,85,85,85,85,85,85,85,85,85
13,13,13,13,13,13,13,13,13,13,13
84,84,84,84,84,84,84,84,84,84,84
60,60,60,60,60,60,60,60,60,60,60
24,24,24,24,24,24,24,24,24,24,24
64,64,64,64,64,64,64,64,64,64,64
63,63,63,63,63,63,63,63,63,63,63
57,57,57,57,57,57,57,57,57,57,57
12,12,12,12,12,12,12,12,12,12,12
86,86,86,86,86,86,86,86,86,86,86
24,17,37,17,17,17,17,17,24,24,24
63,63,63,63,63,63,63,63,63,63,63
82,82,82,82,82,82,82,82,82,82,82
32,32,32,32,32,32,32,32,32,32,32
91,91,91,91,91,91,91,91,91,91,91
92,92,92,92,92,92,92,92,92,92,92
83,83,83,83,83,83,83,83,83,83,83
88,88,88,88,88,88,88,88,88,88,88
56,56,56,56,56,56,56,56,56,56,56
14,14,14,14,14,14,14,14,14,14,14
94,94,94,94,94,94,94,94,94,94,94
22,7,1,7,7,7,7,7,7,22,22
87,87,87,87,87,87,87,87,87,87,87
78,78,78,78,78,78,78,78,78,78,78
89,89,89,89,89,89,89,89,89,89,89
38,38,38,38,38,38,38,38,38,38,38
83,83,83,83,83,83,83,83,83,83,83
89,89,89,89,89,89,89,89,89,89,89
8,8,8,8,8,8,8,8,8,8,8
45,45,45,45,45,45,45,45,45,45,45
94,94,94,94,94,94,94,94,94,94,94
30,30,30,30,30,30,30,30,30,30,30
13,13,13,13,13,13,13,13,13,13,13
70,70,70,70,70,70,70,70,70,70,70
76,76,76,76,76,76,76,76,76,76,76
61,61,61,61,61,61,61,61,61,61,61
10,10,56,10,10,56,10,10,53,56,10
94,94,94,94,94,94,94,94,94,94,94
13,13,13,13,13,13,13,13,13,13,13
20,20,20,20,20,20,20,20,20,20,20
19,19,19,19,19,19,19,19,19,19,19
69,69,69,69,69,69,69,69,69,69,69
55,55,55,55,55,55,55,55,55,55,55
71,71,71,71,71,71,71,71,71,71,71
42,42,42,42,42,42,42,42,42,42,42
83,83,83,83,83,83,83,83,83,83,83
73,73,73,73,73,73,73,73,73,73,73
53,53,53,53,53,53,53,53,53,53,53
45,45,45,45,45,45,45,45,45,45,45
4,4,4,4,4,4,4,4,4,4,4
30,30,30,30,30,30,30,30,30,30,30
62,62,62,62,62,62,62,62,62,62,62
39,39,39,39,39,39,39,39,39,39,39
93,93,93,93,93,93,93,93,93,93,93
60,60,60,60,60,60,60,60,60,60,60
29,29,29,29,29,29,29,29,29,29,29
19,19,19,19,19,19,19,19,19,19,19
56,56,56,56,56,56,56,56,56,56,56
62,62,62,62,62,62,62,62,62,25,62
28,28,28,28,28,28,28,28,28,28,28
70,70,70,70,70,70,70,70,70,70,70
54,54,36,54,54,54,54,54,30,54,54
19,19,19,19,19,19,19,19,19,19,19
28,28,28,28,28,28,28,28,28,28,28
35,35,35,35,35,35,35,35,35,35,35
26,26,26,26,26,26,26,26,26,26,26
6,6,6,6,6,6,6,6,6,6,6
87,87,87,87,87,87,87,87,87,87,87
84,84,84,84,84,84,84,84,84,84,84
33,33,33,33,33,33,33,33,33,33,33
29,29,29,29,29,29,29,29,29,29,29
29,29,29,29,29,29,29,29,29,29,29
53,79,53,1,79,79,1,79,24,53,53
32,32,32,32,32,32,32,32,32,32,32
32,32,32,32,32,32,32,32,32,32,32
59,59,59,59,59,59,59,59,59,59,59
22,22,22,22,22,22,22,22,22,22,22
82,82,82,82,82,82,82,82,82,82,82
64,64,64,64,64,64,64,64,64,64,64
10,10,10,10,10,10,10,10,10,10,10
40,40,40,40,40,40,40,40,40,40,40
45,45,45,45,45,45,45,45,45,45,45
6,6,6,6,6,6,6,6,6,6,6
58,58,58,58,58,58,58,58,58,58,58
63,63,63,63,63,63,63,63,63,63,63
67,67,67,67,67,67,67,67,67,67,67
14,14,14,14,14,14,14,14,14,14,14
78,78,78,78,78,78,78,78,78,78,78
4,4,4,61,4,4,4,4,4,4,4
94,94,94,94,94,94,94,94,94,94,94
32,32,32,32,32,32,32,32,32,32,32
54,54,54,54,54,54,54,54,54,54,54
74,74,74,74,74,74,74,74,74,74,74
42,42,42,42,42,42,42,42,42,42,42
4,61,61,4,61,61,61,61,61,61,61
4,4,4,4,4,4,4,4,4,4,4
67,67,67,67,67,67,67,67,67,67,67
36,36,36,36,36,36,36,36,36,36,36
35,35,35,35,35,35,35,35,35,35,35
89,89,89,89,89,89,89,89,89,89,89
20,20,20,20,20,20,20,20,20,20,20
60,60,60,60,60,60,60,60,60,60,60
57,57,57,57,57,57,57,57,57,57,57
41,41,47,41,41,41,41,41,41,41,41
61,61,61,61,61,61,61,61,61,61,61
5,5,5,5,5,5,5,5,5,5,5
1,1,1,1,1,1,1,1,1,1,1
1,1,1,1,1,1,1,1,1,1,1
20,20,20,20,20,20,20,20,20,20,20
11,11,11,11,11,11,11,11,11,11,11
10,10,10,10,10,10,10,10,10,24,9
61,61,61,61,61,61,61,61,61,61,61
35,35,35,35,35,35,35,35,35,35,35
88,88,88,88,88,88,88,88,88,88,88
40,40,40,40,40,40,40,40,40,40,40
35,35,35,35,35,35,35,35,7,35,35
60,60,60,60,60,60,60,60,60,60,60
26,26,26,26,26,26,26,26,26,26,26
93,93,93,93,93,93,93,93,93,93,93
22,22,22,22,22,22,22,22,22,22,22
5,5,5,5,5,5,5,5,5,5,5
79,79,79,79,79,79,79,79,79,79,79
32,32,32,32,32,32,32,32,32,32,32
91,91,91,91,91,91,91,91,91,91,91
1,1,1,1,1,1,1,1,1,1,53
21,21,21,21,21,21,21,21,21,21,21
43,43,43,43,43,43,43,43,43,43,43
91,91,91,91,91,91,91,91,91,91,91
75,75,75,75,75,75,75,75,75,75,75
3,3,3,3,3,3,3,3,3,61,3
87,87,87,87,87,87,87,87,87,87,87
80,80,80,80,80,80,80,80,80,80,80
83,83,83,83,83,83,83,83,83,83,83
57,57,57,57,57,57,57,57,57,57,57
14,14,14,14,14,14,14,14,14,14,14
82,82,82,82,82,82,82,82,82,82,82
90,90,90,90,90,90,90,90,90,90,90
15,15,15,15,15,15,15,15,15,15,15
35,35,35,35,35,35,35,35,35,35,35
48,48,48,48,48,48,48,48,48,48,48
24,56,56,56,56,56,56,56,56,24,24
7,7,7,7,7,7,7,7,7,47,7
29,29,29,29,29,29,29,29,29,29,29
36,36,36,36,36,36,36,36,36,36,36
41,41,41,41,41,41,41,41,41,41,9
20,20,20,20,20,20,20,20,20,20,20
84,84,84,84,84,84,84,84,84,84,84
19,19,19,19,19,19,19,19,19,19,19
88,88,88,88,88,88,88,88,88,88,88
57,57,57,57,57,57,57,57,57,57,57
60,60,60,60,60,60,60,60,60,60,60
49,49,49,49,49,49,49,49,49,49,49
83,83,83,83,83,83,83,83,83,83,83
22,22,22,22,22,22,22,22,22,22,22
48,48,48,48,48,48,48,48,48,48,48
28,28,28,28,28,28,28,28,28,28,28
86,86,86,86,86,86,86,86,86,86,86
57,57,57,57,57,57,57,57,57,57,57
70,70,70,70,70,70,70,70,70,70,70
84,84,84,84,84,84,84,84,84,84,84
50,50,50,50,50,50,50,50,50,50,50
69,69,69,69,69,69,69,69,69,69,69
76,76,76,76,76,76,76,76,76,76,76
9,9,9,9,9,9,9,9,9,9,9
18,18,18,18,18,18,18,18,18,18,18
86,86,86,86,86,86,86,86,86,86,86
45,45,45,45,45,45,45,45,45,45,45
24,24,24,24,24,24,24,24,24,24,56
41,41,1,41,41,41,41,41,41,41,41
13,13,13,13,13,13,13,13,13,13,13
23,23,23,23,23,23,23,23,23,23,23
48,48,48,48,48,48,48,48,48,48,48
47,47,47,47,47,47,47,47,79,47,47
16,16,16,16,16,16,16,16,16,16,16
74,74,74,74,74,74,74,74,74,74,74
14,14,14,14,14,14,14,14,14,14,14
24,24,24,24,24,24,24,24,24,24,24
17,17,17,17,17,17,17,17,17,17,17
60,60,60,60,60,60,60,60,60,60,60
89,89,89,89,89,89,89,89,89,89,89
21,21,21,21,21,21,21,21,21,85,21
35,35,12,35,35,35,35,35,35,35,35
18,18,18,18,18,18,18,18,18,18,18
19,19,19,19,19,19,19,19,19,19,19
79,79,75,79,79,79,79,79,79,79,79
57,57,57,57,57,57,57,57,57,57,57
61,61,61,61,61,61,61,61,61,61,61
58,58,58,58,58,58,58,58,58,58,58
72,72,72,72,72,72,72,72,72,72,72
29,29,29,29,29,29,29,29,29,29,29
42,42,42,42,42,42,42,42,42,42,42
58,58,58,58,58,58,58,58,58,58,58
40,40,40,40,40,40,40,40,40,40,40
68,68,68,68,68,68,68,68,68,68,68
93,93,93,93,93,93,93,93,93,93,93
0,0,0,0,0,0,0,0,0,0,0
65,65,65,65,65,65,65,65,65,65,65
45,45,45,45,45,45,45,45,0,45,12
55,55,55,55,55,55,55,55,55,55,55
41,79,53,9,79,79,79,79,17,41,41
82,82,82,82,82,82,82,82,82,82,82
24,24,24,24,24,24,24,24,24,24,24
67,67,67,67,67,67,67,67,67,67,67
59,59,59,59,59,59,59,59,59,59,59
53,53,53,53,53,53,53,53,53,53,53
5,5,5,5,5,5,5,5,5,5,5
11,11,11,11,11,11,11,11,11,11,11
63,63,63,63,63,63,63,63,63,63,63
77,77,77,77,77,77,77,77,77,77,77
67,67,67,67,67,67,67,67,67,67,67
60,60,60,60,60,60,60,60,60,60,60
11,11,11,11,11,11,11,11,11,11,11
26,26,26,26,26,26,26,26,26,26,26
58,58,58,58,58,58,58,58,58,58,58
71,71,71,71,71,71,71,71,71,71,71
65,65,65,65,65,65,65,65,65,65,65
73,73,73,73,73,73,73,73,73,73,73
18,18,35,18,18,18,18,18,18,54,54
74,74,74,74,74,74,74,74,74,74,74
77,77,77,77,77,77,77,77,77,77,77
88,88,88,88,88,88,88,88,88,88,88
42,42,42,42,42,42,42,42,42,42,42
49,49,49,49,49,49,49,49,49,49,49
19,19,19,19,19,19,19,19,19,19,19
0,0,0,0,0,0,0,0,0,0,46
44,44,44,44,44,44,44,44,44,44,44
67,67,67,67,67,67,67,67,67,67,67
12,12,12,12,12,12,12,12,12,12,12
22,22,22,22,22,22,22,22,22,22,22
72,72,72,72,72,72,72,72,72,72,72
31,31,31,31,31,31,31,31,31,31,31
39,39,39,39,39,39,39,39,39,39,39
67,67,67,67,67,67,67,67,67,67,67
73,73,73,73,73,73,73,73,73,73,73
20,20,20,20,20,20,20,20,20,20,20
22,22,22,22,22,22,22,22,22,22,22
29,29,29,29,29,29,29,29,29,29,29
1,1,1,1,1,1,1,1,1,1,1
82,82,82,82,82,82,82,82,82,82,82
33,33,33,33,33,33,33,33,33,33,33
47,47,47,47,47,47,47,47,47,47,47
87,87,87,87,87,87,87,87,87,87,87
41,41,41,41,41,41,41,41,41,41,41
88,88,88,88,88,88,88,88,88,88,88
73,73,73,73,73,73,73,73,73,73,73
48,48,48,48,48,48,48,48,48,48,48
14,14,14,14,14,14,14,14,14,14,14
86,86,86,86,86,86,86,86,86,86,86
23,23,23,23,23,23,23,23,23,23,23
41,41,41,41,41,41,41,41,41,41,41
61,61,61,61,61,61,61,61,61,61,61
76,76,76,76,76,76,76,76,76,76,76
11,11,11,11,11,11,11,11,11,85,11
1,1,1,1,1,1,1,1,1,1,1
16,16,16,16,16,16,16,16,16,16,16
71,71,71,71,71,71,71,71,71,71,71
75,75,5,75,75,75,75,75,75,56,75
44,44,44,44,44,44,44,44,44,44,44
37,37,37,37,37,37,37,37,37,37,37
23,23,23,23,23,23,23,23,23,23,23
62,62,62,62,62,62,62,62,62,62,62
70,70,70,70,70,70,70,70,70,70,70
26,26,26,26,26,26,26,26,26,26,26
6,6,6,6,6,6,6,6,6,6,6
30,30,30,30,30,30,30,30,30,30,30
52,52,52,52,52,52,52,52,52,52,52
11,11,11,11,11,11,11,11,11,11,11
34,34,34,34,34,34,34,34,34,34,34
17,17,17,17,17,17,17,17,17,17,17
13,13,13,13,13,13,13,13,13,13,13
90,90,90,90,90,90,90,90,90,90,90
23,23,23,23,23,23,23,23,23,23,23
76,76,76,76,76,76,76,76,76,76,76
21,21,21,21,21,21,21,21,21,21,21
89,89,89,89,89,89,89,89,89,89,89
42,42,42,42,42,42,42,42,42,42,42
81,81,81,81,81,81,81,81,81,81,81
51,51,51,51,51,51,51,51,51,51,51
0,0,0,0,0,0,0,0,0,0,0
14,14,14,14,14,14,14,14,14,14,14
81,81,81,81,81,81,81,81,81,81,81
14,14,14,14,14,14,14,14,14,14,14
94,94,94,94,94,94,94,94,94,94,94
53,53,53,53,53,53,53,53,53,5,53
57,57,57,57,57,57,57,57,57,57,57
30,30,30,30,30,30,30,30,30,30,30
50,50,50,50,50,50,50,50,50,50,50
87,87,87,87,87,87,87,87,87,87,87
16,16,16,16,16,16,16,16,16,16,16
42,42,42,42,42,42,42,42,42,42,42
93,93,93,93,93,93,93,93,93,93,93
33,33,33,33,33,33,33,33,33,33,33
74,74,74,74,74,74,74,74,74,74,74
21,21,21,21,21,21,21,21,21,21,21
55,55,55,55,55,55,55,55,55,55,55
84,84,84,84,84,84,84,84,84,84,84
53,53,53,53,53,53,53,53,53,53,53
94,94,94,94,94,94,94,94,94,94,94
59,59,59,59,59,59,59,59,59,59,59
5,35,35,35,35,35,35,35,5,35,35
12,12,12,12,12,12,12,12,12,12,12
25,25,25,25,25,25,25,25,25,25,25
85,85,85,85,85,85,85,85,85,85,85
4,4,4,4,4,4,4,4,4,4,4
19,19,19,19,19,19,19,19,19,19,19
60,60,60,60,60,60,60,60,60,60,60
10,10,10,10,10,10,10,10,10,10,1
56,56,56,56,56,56,56,56,56,56,56
75,75,75,75,75,75,75,75,75,75,75
39,39,39,39,39,39,39,39,39,39,39
32,32,32,32,32,32,32,32,32,32,32
12,12,12,12,12,12,24,12,12,12,12
13,13,13,13,13,13,13,13,13,13,13
23,23,23,23,23,23,23,23,23,23,23
46,46,46,46,46,46,46,46,46,46,46
63,63,63,63,63,63,63,63,63,63,63
56,56,56,56,56,56,56,56,56,56,56
18,18,18,18,18,18,18,18,18,18,18
1,1,1,1,1,1,1,1,1,1,1
24,24,24,24,24,24,24,24,24,24,24
76,76,76,76,76,76,76,76,76,76,76
14,14,14,14,14,14,14,14,14,14,14
84,84,84,84,84,84,84,84,84,84,84
42,42,42,42,42,42,42,42,42,42,42
6,6,6,6,6,6,6,6,6,6,6
32,32,32,32,32,32,32,32,32,32,32
64,64,64,64,64,64,64,64,64,64,64
82,82,82,82,82,82,82,82,82,82,82
40,40,40,40,40,40,40,40,40,40,40
18,18,18,18,18,18,18,18,18,18,18
67,67,67,67,67,67,67,67,67,67,67
66,66,66,66,66,66,66,66,66,66,66
66,66,66,66,66,66,66,66,66,66,66
94,94,94,94,94,94,94,94,94,94,94
73,73,73,73,73,73,73,73,73,73,73
69,69,69,69,69,69,69,69,69,69,69
5,5,5,5,5,5,5,5,5,5,5
62,62,62,62,62,62,62,62,62,62,62
33,33,33,33,33,33,33,33,33,33,33
52,52,52,52,52,52,52,52,52,52,52
74,74,74,74,74,74,74,74,74,74,74
28,28,28,28,28,28,28,28,28,28,28
27,27,27,27,27,27,27,27,27,27,27
68,68,68,68,68,68,68,68,68,68,68
45,45,45,45,45,45,45,45,45,45,45
12,45,0,2,0,2,1,12,0,53,12
45,45,45,45,45,45,45,45,45,45,45
16,16,16,16,16,16,16,16,16,16,16
75,75,75,75,75,75,75,75,75,75,75
74,74,74,74,74,74,74,74,74,74,74
18,18,18,18,18,18,18,18,18,18,18
76,76,76,76,76,76,76,76,76,76,76
16,16,16,16,16,16,16,16,16,16,16
4,4,4,4,4,4,4,4,4,4,4
41,41,41,41,41,41,41,41,41,41,41
41,41,41,41,41,41,41,41,41,41,41
24,24,24,24,24,24,24,24,24,24,24
26,26,26,26,26,26,26,26,26,26,26
22,22,22,22,22,22,22,22,22,22,22
29,29,29,29,29,29,29,29,29,29,29
93,93,93,93,93,93,93,93,93,93,93
18,18,18,18,18,18,18,18,18,18,18
26,26,26,26,26,26,26,26,26,26,26
60,60,60,60,60,60,60,60,60,60,60
0,0,0,0,0,0,0,0,0,0,45
75,75,75,75,75,75,75,75,75,75,75
60,60,60,60,60,60,60,60,60,60,60
82,82,82,82,82,82,82,82,82,82,82
11,11,11,11,11,11,11,11,11,11,11
34,34,34,34,34,34,34,34,34,34,34
40,40,40,40,40,40,40,40,40,40,40
19,19,19,19,19,19,19,19,19,19,19
86,86,86,86,86,86,86,86,86,86,86
31,31,31,31,31,31,31,31,31,31,31
34,34,34,34,34,34,34,34,34,34,34
28,28,28,28,28,28,28,28,28,28,28
31,31,31,31,31,31,31,31,31,31,31
48,48,48,48,48,48,48,48,48,48,48
37,37,37,37,37,37,37,37,37,37,37
84,84,84,84,84,84,84,84,84,84,84
79,79,79,79,79,79,79,79,79,79,79
78,78,78,78,78,78,78,78,78,78,78
39,39,39,39,39,39,39,39,39,39,39
80,80,80,80,80,80,80,80,80,80,80
70,70,70,70,70,70,70,70,70,70,70
1,45,5,79,79,79,79,79,17,1,24
58,58,58,58,58,58,58,58,58,58,58
84,84,84,84,84,84,84,84,84,84,84
13,13,13,13,13,13,13,13,13,13,13
59,59,59,59,59,59,59,59,59,59,59
11,11,11,11,11,11,11,11,11,11,11
45,45,45,45,45,45,45,45,45,45,45
59,59,59,59,59,59,59,59,59,59,59
69,69,69,69,69,69,69,69,69,69,69
47,47,47,47,47,47,47,47,47,47,53
89,89,89,89,89,89,89,89,89,89,89
44,44,44,44,44,44,44,44,44,44,44
17,17,17,17,17,17,17,17,17,17,53
53,56,56,24,56,24,24,56,24,53,53
1,1,1,1,1,1,1,1,1,1,1
62,62,62,62,62,62,62,62,62,62,62
89,89,89,89,89,89,89,89,89,89,89
47,47,47,47,47,47,47,47,47,47,47
60,60,60,60,60,60,60,60,60,60,60
64,64,64,64,64,64,64,64,64,64,64
23,23,23,23,23,23,23,23,23,23,67
47,47,47,47,47,47,47,47,47,47,47
26,26,26,26,26,26,26,26,26,26,26
53,53,53,1,53,1,53,53,47,53,53
50,50,50,50,50,50,50,50,50,50,50
34,34,34,34,34,34,34,34,34,34,34
36,36,36,36,36,36,36,36,36,36,36
82,82,82,82,82,82,82,82,82,82,82
56,56,56,10,10,56,10,10,45,56,56
89,89,89,89,89,89,89,89,89,89,89
7,56,65,56,65,56,65,65,65,56,65
84,84,84,84,84,84,84,84,84,84,84
87,87,87,87,87,87,87,87,87,87,87
87,87,87,87,87,87,87,87,87,87,87
16,16,16,16,16,16,16,16,16,16,16
7,56,1,56,56,56,56,56,56,7,7
3,3,3,3,3,3,3,3,3,3,3
25,25,25,25,25,25,25,25,25,25,25
88,88,88,88,88,88,88,88,88,88,88
66,66,66,66,66,66,66,66,66,66,66
64,64,64,64,64,64,64,64,64,64,64
4,4,4,4,4,4,4,4,4,4,4
93,93,93,93,93,93,93,93,93,93,93
62,62,62,62,62,62,62,62,62,62,62
91,91,91,91,91,91,91,91,91,91,91
62,62,62,62,62,62,62,62,62,62,62
81,81,81,81,81,81,81,81,81,81,81
80,80,80,80,80,80,80,80,80,80,80
87,87,87,87,87,87,87,87,87,87,87
14,14,14,14,14,14,14,14,14,14,14
26,26,26,26,26,26,26,26,26,26,26
3,3,3,3,3,3,3,3,3,3,3
60,60,60,60,60,60,60,60,60,60,60
59,59,59,59,59,59,59,59,59,59,59
26,26,26,26,26,26,26,26,26,26,26
86,86,86,86,86,86,86,86,86,86,86
16,16,16,16,16,16,16,16,16,16,16
13,13,13,13,13,13,13,13,13,13,13
24,17,79,17,17,17,17,17,17,24,24
71,71,71,71,71,71,71,71,71,71,71
1,54,1,54,1,54,1,1,17,1,53
69,69,69,69,69,69,69,69,69,69,69
80,80,80,80,80,80,80,80,80,80,80
59,59,59,59,59,59,59,59,59,59,59
94,94,94,94,94,94,94,94,94,94,94
55,55,55,55,55,55,55,55,55,55,55
4,4,4,4,4,4,4,4,4,4,4
12,12,12,12,12,12,12,12,12,12,12
56,56,56,56,56,56,56,56,56,56,24
93,93,93,93,93,93,93,93,93,93,93
43,43,43,43,43,43,43,43,43,43,43
83,83,83,83,83,83,83,83,83,83,83
23,23,23,23,23,23,23,23,23,23,23
69,69,69,69,69,69,69,69,69,69,69
88,88,88,88,88,41,88,88,88,88,88
1,1,1,1,1,1,1,1,1,1,1
4,4,4,4,4,4,4,4,4,4,4
6,6,6,6,6,6,6,6,6,6,6
54,54,54,54,54,54,54,54,54,54,54
70,70,70,70,70,70,70,70,70,70,70
93,93,93,93,93,93,93,93,93,93,93
88,88,88,88,88,88,88,88,88,88,88
67,67,67,67,67,67,67,67,67,67,67
4,4,4,4,4,4,4,4,4,4,4
80,80,80,80,80,80,80,80,80,80,80
60,60,60,60,60,60,60,60,60,60,60
8,8,8,8,8,8,8,8,8,8,8
32,32,32,32,32,32,32,32,32,32,32
13,13,13,13,13,13,13,13,13,13,13
17,17,17,17,17,17,17,17,17,17,17
36,36,36,36,36,36,36,36,36,36,36
64,64,64,64,64,64,64,64,64,64,64
86,86,86,86,86,86,86,86,86,86,86
39,39,39,39,39,39,39,39,39,39,39
49,49,49,49,49,49,49,49,49,49,49
35,35,35,35,35,35,35,35,35,35,35
60,60,60,60,60,60,60,60,60,60,60
68,68,68,68,68,68,68,68,68,68,68
1,1,88,7,7,7,7,7,88,1,1
17,17,17,17,17,17,17,17,17,17,17
15,15,15,15,15,15,15,15,15,15,15
47,47,7,88,88,88,88,88,88,7,88
0,0,0,0,0,0,0,0,0,0,0
28,28,28,28,28,28,28,28,28,28,28
54,54,54,54,54,54,54,54,54,54,15
45,45,45,45,45,45,45,45,45,45,45
18,18,18,18,18,18,18,18,18,18,18
34,34,34,34,34,34,34,34,34,34,34
53,53,53,53,53,53,53,53,53,53,53
50,50,50,50,50,50,50,50,50,50,50
70,70,70,70,70,70,70,70,70,70,70
28,28,28,28,28,28,28,28,28,28,28
56,56,56,56,56,56,56,56,56,56,56
93,93,93,93,93,93,93,93,93,93,93
72,72,72,72,72,72,72,72,72,72,72
54,54,54,54,54,54,54,54,54,54,54
38,38,38,38,38,38,38,38,38,38,38
56,56,56,56,56,56,56,56,56,56,56
80,80,80,80,80,80,80,80,80,80,80
44,44,44,44,44,44,44,44,44,44,44
3,3,3,3,3,3,3,3,3,3,3
24,24,24,24,24,24,24,24,24,24,24
1,1,1,1,1,1,1,1,81,30,1
7,56,37,10,2,10,10,2,56,7,7
18,18,18,18,18,18,18,18,18,18,18
93,93,93,93,93,93,93,93,93,93,93
62,62,62,62,62,62,62,62,62,62,62
29,29,29,29,29,29,29,29,29,29,29
52,52,52,52,52,52,52,52,52,52,52
85,85,85,85,85,85,85,85,85,85,85
88,88,88,88,88,88,88,88,88,88,88
39,39,39,39,39,39,39,39,39,39,39
19,19,19,19,19,19,19,19,19,19,19
24,24,24,24,24,24,24,24,24,24,24
45,45,45,45,45,45,45,45,45,45,45
61,61,61,61,61,61,61,61,61,61,61
50,50,50,50,50,50,50,50,50,50,50
54,54,54,54,54,54,54,54,54,54,54
37,37,37,37,37,37,37,37,37,37,37
22,22,22,22,22,22,22,22,22,22,22
71,71,71,71,71,71,71,71,71,71,71
45,45,45,45,45,45,45,45,45,45,45
58,58,58,58,58,58,58,58,58,58,58
60,60,60,60,60,60,60,60,60,60,60
62,62,62,62,62,62,62,62,62,62,62
41,41,41,41,41,41,41,41,41,22,41
2,88,88,88,88,88,88,88,88,88,88
65,65,65,65,65,65,65,65,65,65,65
53,53,53,53,53,53,53,53,53,53,53
1,53,9,53,53,53,1,53,2,1,1
87,87,87,87,87,87,87,87,87,87,87
79,79,79,79,79,79,79,79,79,79,79
89,89,89,89,89,89,89,89,89,89,89
39,39,39,39,39,39,39,39,39,39,39
57,57,57,57,57,57,57,57,57,57,57
46,46,46,46,46,46,46,46,46,46,46
3,3,3,3,3,3,3,3,3,3,3
56,56,56,56,56,56,56,56,56,56,24
36,36,36,36,36,36,36,36,36,36,36
61,61,61,61,61,61,61,61,61,61,61
92,92,92,92,92,92,92,92,92,92,92
70,70,70,70,70,70,70,70,70,70,70
61,61,61,61,61,61,61,61,61,61,61
1,1,9,1,1,1,1,1,30,1,1
57,57,57,57,57,57,57,57,57,57,57
2,2,2,2,2,2,2,2,2,2,2
79,79,79,79,79,79,79,79,79,79,79
60,60,60,60,60,60,60,60,60,60,60
66,66,66,66,66,66,66,66,66,66,66
1,1,1,1,1,1,1,1,1,1,1
84,84,84,84,84,84,84,84,84,84,84
13,13,13,13,13,13,13,13,13,13,13
47,79,53,79,79,79,79,79,17,47,47
61,61,61,61,61,61,61,61,61,61,61
58,58,58,58,58,58,58,58,58,58,58
30,30,30,30,30,30,30,30,30,30,30
94,94,94,94,94,94,94,94,94,94,94
50,50,50,50,50,50,50,50,50,50,50
12,17,12,17,17,17,17,17,17,12,12
45,45,45,45,45,45,45,45,45,45,45
62,62,62,62,62,62,62,62,62,62,62
67,67,67,67,67,67,67,67,67,67,67
30,30,30,30,30,30,30,30,30,30,30
70,70,70,70,70,70,70,70,70,70,70
94,94,94,94,94,94,94,94,94,94,94
30,30,30,30,30,30,30,30,30,30,30
84,84,84,84,84,84,84,84,84,84,84
39,39,39,39,39,39,39,39,39,39,39
10,10,10,10,10,10,10,10,10,10,7
11,11,11,11,11,11,11,11,11,11,11
87,87,87,87,87,87,87,87,87,87,87
73,73,73,73,73,73,73,73,73,73,73
40,40,40,40,40,40,40,40,40,40,40
65,65,65,65,65,65,65,65,65,65,65
78,78,78,78,78,78,78,78,78,78,78
31,31,31,31,31,31,31,31,31,31,31
70,70,70,70,70,70,70,70,70,70,70
29,29,29,29,29,29,29,29,29,29,29
81,81,81,81,81,81,81,81,81,81,81
47,47,47,47,47,47,47,47,47,47,47
87,87,87,87,87,87,87,87,87,87,87
67,67,67,67,67,67,67,67,67,67,67
85,85,85,85,85,85,85,85,85,85,85
18,18,18,18,18,18,18,18,18,18,18
15,15,15,15,15,15,15,15,15,15,15
76,76,76,76,76,76,76,76,76,76,76
68,68,68,68,68,68,68,68,68,68,68
73,73,73,73,73,73,73,73,73,73,73
83,83,83,83,83,83,83,83,83,83,83
93,93,93,93,93,93,93,93,93,93,93
29,29,29,29,29,29,29,29,29,29,29
29,29,29,29,29,29,29,29,29,29,29
0,0,0,0,0,0,0,0,0,0,0
22,22,22,22,22,22,22,22,22,22,22
1,1,1,1,1,1,1,1,1,1,1
54,54,54,54,54,54,54,54,54,54,54
90,90,90,90,90,90,90,90,90,90,90
33,33,33,33,33,33,33,33,33,33,33
7,7,7,7,7,7,7,7,7,7,18
4,4,4,4,4,4,4,4,4,4,4
11,11,11,11,11,11,11,11,11,11,11
12,12,12,12,12,12,12,12,12,12,12
69,69,69,69,69,69,69,69,69,69,69
3,3,3,3,3,3,3,3,3,3,3
72,72,72,72,72,72,72,72,72,72,72
51,51,51,51,51,51,51,51,51,51,51
37,37,37,37,37,37,37,37,37,37,37
57,57,57,57,57,57,57,57,57,57,57
73,73,73,73,73,73,73,73,73,73,73
0,0,0,0,0,0,0,0,0,0,0
85,85,85,85,85,85,85,85,85,85,85
40,40,40,40,40,40,40,40,40,40,40
13,13,13,13,13,13,13,13,13,13,13
86,86,86,86,86,86,86,86,86,86,86
50,50,50,50,50,50,50,50,50,50,50
33,33,33,33,33,33,33,33,33,33,33
11,11,11,11,11,11,11,11,11,11,11
83,83,83,83,83,83,83,83,83,83,83
61,61,61,61,61,61,61,61,61,61,61
19,19,19,19,19,19,19,19,19,19,19
17,17,17,17,17,17,17,17,17,17,17
26,26,26,26,26,26,26,26,26,26,26
47,47,47,47,47,47,47,47,47,47,9
13,13,13,13,13,13,13,13,13,13,13
56,56,56,56,56,56,56,56,56,56,56
62,62,62,62,62,62,62,62,62,62,62
48,48,48,48,48,48,48,48,48,48,48
14,14,14,14,14,14,14,14,14,14,14
11,11,11,11,11,11,11,11,11,11,11
53,53,53,53,53,53,53,53,53,53,53
40,40,40,40,40,40,40,40,40,40,40
92,92,92,92,92,92,92,92,92,92,92
68,68,68,68,68,68,68,68,68,68,68
1,1,1,1,54,1,1,1,1,1,1
26,26,26,26,26,26,26,26,26,26,26
54,54,54,54,54,54,54,54,54,54,54
9,9,9,9,9,9,9,9,9,9,9
59,59,59,59,59,59,59,59,59,59,59
79,79,79,79,79,79,79,79,79,79,79
62,62,62,62,62,62,62,62,62,62,62
53,53,53,53,53,53,53,53,53,53,53
17,17,17,17,17,17,17,17,17,17,17
63,63,63,63,63,63,63,63,63,63,63
6,6,6,6,6,6,6,6,6,6,6
7,7,7,7,7,7,7,7,7,7,53
68,68,68,68,68,68,68,68,68,68,68
68,68,68,68,68,68,68,68,68,68,68
39,39,39,39,39,39,39,39,39,39,39
80,80,80,80,80,80,80,80,80,80,80
39,39,39,39,39,39,39,39,39,39,39
5,5,5,5,5,5,5,5,5,5,10
0,0,0,0,0,0,0,0,0,0,0
40,40,40,40,40,40,40,40,40,40,40
42,42,42,42,42,42,42,42,42,42,42
32,32,32,32,32,32,32,32,32,32,32
66,66,66,66,66,66,66,66,66,66,66
57,57,57,57,57,57,57,57,57,57,57
52,52,52,52,52,52,52,52,52,52,52
79,88,79,5,5,5,5,5,5,79,5
35,35,35,35,35,35,35,35,35,35,35
42,42,42,42,42,42,42,42,42,42,42
50,50,50,50,50,50,50,50,50,50,50
62,62,62,62,62,62,62,62,62,62,62
55,55,55,55,55,55,55,55,55,55,55
7,7,7,7,7,7,7,7,7,7,7
29,29,29,29,29,29,29,29,29,29,29
26,26,26,26,26,26,26,26,26,26,26
74,74,74,74,74,74,74,74,74,74,74
22,22,22,22,22,22,22,22,22,22,22
44,44,44,44,44,44,44,44,44,44,44
51,51,51,51,51,51,51,51,51,51,51
89,89,89,89,89,89,89,89,89,89,89
59,59,59,59,59,59,59,59,59,59,59
0,0,0,0,0,0,0,0,0,0,0
91,91,91,91,91,91,91,91,91,91,91
63,63,63,63,63,63,63,63,63,63,63
61,61,61,61,61,61,61,61,61,61,61
5,54,35,54,88,54,54,54,54,88,88
42,42,42,42,42,42,42,42,42,42,42
5,5,5,5,5,5,5,5,5,47,53
1,1,37,45,45,45,1,1,1,45,45
43,43,43,43,43,43,43,43,43,43,43
14,14,14,14,14,14,14,14,14,14,14
13,13,13,13,13,13,13,13,13,13,13
62,62,62,62,62,62,62,62,62,82,62
82,82,82,82,82,82,82,82,82,82,82
34,34,34,34,34,34,34,34,34,34,34
89,89,89,89,89,89,89,89,89,89,89
79,79,79,79,79,79,79,79,79,79,79
9,9,9,9,9,9,9,9,9,9,9
56,56,24,56,45,56,56,56,56,56,56
94,94,94,94,94,94,94,94,94,94,94
2,2,2,2,2,2,2,2,2,2,2
11,11,11,11,11,11,11,11,11,11,11
15,15,15,15,15,15,15,15,15,15,15
39,39,39,39,39,39,39,39,39,39,39
70,70,70,70,70,70,70,70,70,70,70
44,44,44,44,44,44,44,44,44,44,44
87,87,87,87,87,87,87,87,87,87,87
67,67,67,67,67,67,67,67,67,67,67
35,35,35,35,35,35,35,35,35,35,35
18,10,10,10,10,10,10,10,10,18,18
41,41,41,41,41,41,41,41,41,41,41
4,4,4,4,4,4,4,4,4,4,4
4,4,4,4,4,4,4,4,4,4,4
29,29,29,29,29,29,29,29,29,29,29
3,3,3,3,3,3,3,3,3,3,3
39,39,39,39,39,39,39,39,39,39,39
25,25,25,25,25,25,25,25,25,25,25
19,19,19,19,19,19,19,19,19,19,19
53,53,53,53,53,53,53,53,53,53,12
16,16,16,16,16,16,16,16,16,16,16
89,89,89,89,89,89,89,89,89,89,89
35,35,35,35,35,35,35,35,35,35,35
13,13,13,13,13,13,13,13,13,13,13
61,61,61,61,61,61,61,61,61,61,61
12,12,12,12,12,12,12,12,47,12,12
18,18,18,18,18,18,18,18,18,18,18
49,49,49,49,49,49,49,49,49,49,49
90,90,90,90,90,90,90,90,90,90,90
24,24,24,24,24,24,24,24,24,24,24
42,42,42,42,42,42,42,42,42,42,42
13,13,13,13,13,13,13,13,13,13,13
27,27,27,27,27,27,27,27,27,27,27
68,68,68,68,68,68,68,68,68,68,68
46,46,46,46,46,46,46,46,46,46,46
11,11,11,11,11,11,11,11,11,11,11
57,57,57,57,57,57,57,57,57,57,57
19,19,19,19,19,19,19,19,19,19,19
84,84,84,84,84,84,84,84,84,84,84
39,39,39,39,39,39,39,39,39,39,39
75,75,75,75,75,75,75,75,75,75,75
93,93,93,93,93,93,93,93,93,93,93
62,62,62,62,62,62,62,62,62,62,62
70,70,70,70,70,70,70,70,70,70,70
37,75,75,75,75,75,75,75,75,56,37
69,69,69,69,69,69,69,69,69,69,69
31,31,31,31,31,31,31,31,31,31,31
75,75,75,75,75,75,75,75,75,75,53
79,53,79,79,79,79,79,79,79,79,79
70,70,70,70,70,70,70,70,70,70,70
79,79,79,79,79,79,79,79,79,79,79
7,7,7,7,7,7,7,7,7,7,7
65,65,65,65,65,65,65,65,65,65,65
59,59,59,59,59,59,59,59,59,59,59
26,26,26,26,26,26,26,26,26,26,26
82,82,82,82,82,82,82,82,82,82,82
88,88,88,88,88,88,88,88,88,88,88
34,34,34,34,34,34,34,34,34,34,34
51,51,51,51,51,51,51,51,51,51,51
7,7,7,7,7,7,7,7,7,7,7
51,51,51,51,51,51,51,51,51,51,51
25,25,25,25,25,25,25,25,25,25,25
40,40,40,40,40,40,40,40,40,40,40
35,35,24,35,35,35,35,35,35,35,35
63,63,63,63,63,63,63,63,63,63,63
10,10,10,10,10,10,10,10,10,10,10
60,60,60,60,60,60,60,60,60,60,60
55,55,55,55,55,55,55,55,55,55,55
34,34,34,34,34,34,34,34,34,34,34
84,84,84,84,84,84,84,84,84,84,84
2,2,2,2,2,2,2,2,2,2,2
45,45,45,45,45,45,45,45,45,45,45
18,18,18,18,18,18,18,18,18,18,18
21,21,21,21,21,21,21,21,21,21,21
46,46,46,46,46,46,46,46,46,46,46
61,61,61,61,61,61,61,61,61,61,61
52,52,52,52,52,52,52,52,52,52,52
8,8,8,8,8,8,8,8,8,8,8
60,60,60,60,60,60,60,60,60,60,60
51,51,51,51,51,51,51,51,51,51,51
18,18,18,18,18,18,18,18,18,18,18
10,10,53,10,10,10,10,10,17,56,5
54,54,54,54,54,54,54,54,54,54,54
73,73,73,73,73,73,73,73,73,73,73
94,94,94,94,94,94,94,94,94,94,94
7,7,7,7,7,7,7,7,7,7,7
8,8,8,8,8,8,8,8,8,8,8
48,48,48,48,48,48,48,48,48,48,48
55,55,55,55,55,55,55,55,55,55,55
21,21,21,21,21,21,21,21,21,21,21
34,34,34,34,34,34,34,34,34,34,34
44,44,44,44,44,44,44,44,44,44,44
92,92,92,92,92,92,92,92,92,92,92
9,9,9,9,9,9,9,9,9,9,9
36,36,36,36,36,36,36,36,36,36,36
46,46,46,46,46,46,46,46,46,46,46
86,86,86,86,86,86,86,86,86,86,86
61,61,61,61,61,61,61,61,61,61,61
67,67,67,67,67,67,67,67,67,67,67
34,34,34,34,34,34,34,34,34,34,34
33,33,33,33,33,33,33,33,33,33,33
27,27,27,27,27,27,27,27,27,27,27
16,16,16,16,16,16,16,16,16,16,16
64,64,64,64,64,64,64,64,64,64,64
39,39,39,39,39,39,39,39,39,39,39
8,8,8,8,8,8,8,8,8,8,8
61,31,31,61,61,61,61,61,31,61,61
13,13,13,13,13,13,13,13,13,13,13
34,34,34,34,34,34,34,34,34,34,34
87,87,87,87,87,87,87,87,87,87,87
76,76,76,76,76,76,76,76,76,76,76
72,72,72,72,72,72,72,72,72,72,72
3,3,3,3,3,3,3,3,3,3,3
86,86,86,86,86,86,86,86,86,86,86
19,19,19,19,19,19,19,19,19,19,19
66,66,66,66,66,66,66,66,66,66,66
56,56,56,56,56,56,56,56,56,56,56
19,19,19,19,19,19,19,19,19,19,19
57,57,57,57,57,57,57,57,57,57,57
79,79,79,79,79,79,79,79,79,79,79
4,61,4,4,4,4,4,4,4,4,4
62,62,62,62,62,62,62,62,62,62,62
60,60,60,60,60,60,60,60,60,60,60
79,5,79,5,5,5,5,5,5,79,5
24,37,24,24,24,24,24,24,24,24,24
16,16,16,16,16,16,16,16,16,16,16
6,6,6,6,6,6,6,6,6,6,6
74,74,74,74,74,74,74,74,74,74,74
73,73,73,73,73,73,73,73,73,73,73
16,16,16,16,16,16,16,16,16,16,16
33,33,33,33,33,33,33,33,33,33,33
60,60,60,60,60,60,60,60,60,60,60
88,88,88,88,88,88,88,88,88,88,88
49,49,49,49,49,49,49,49,49,49,49
23,23,23,23,23,23,23,23,23,23,23
28,28,28,28,28,28,28,28,28,28,28
8,8,8,8,8,8,8,8,8,8,8
45,45,45,45,45,45,45,45,45,45,45
76,76,76,76,76,76,76,76,76,76,76
40,40,40,40,40,40,40,40,40,40,40
71,71,71,71,71,71,71,71,71,71,71
35,35,35,35,35,35,35,35,35,35,35
25,25,25,25,25,25,25,25,25,25,25
16,1,24,1,52,1,1,89,76,30,93
8,8,8,8,8,8,8,8,8,8,8
86,86,86,86,86,86,86,86,86,86,86
52,52,52,52,52,52,52,52,52,52,52
91,91,91,91,91,91,91,91,91,91,91
4,4,4,4,4,4,4,4,4,4,4
32,32,32,32,32,32,32,32,32,32,32
18,18,18,18,18,18,18,18,18,18,18
40,40,40,40,40,40,40,40,40,40,40
24,56,1,24,56,56,24,56,53,24,24
37,37,37,37,37,37,37,37,37,37,37
44,44,44,44,44,44,44,44,44,44,44
46,46,46,46,46,46,46,46,46,46,46
12,12,12,12,12,12,12,12,12,12,12
14,14,14,14,14,14,14,14,14,14,14
74,74,74,74,74,74,74,74,74,74,74
1,1,1,1,1,1,1,1,1,1,1
0,0,0,0,0,0,0,0,0,0,0
52,52,52,52,52,52,52,52,52,52,52
5,5,5,5,5,5,5,5,5,7,7
55,55,55,55,55,55,55,55,55,55,55
62,62,62,62,62,62,62,62,62,62,62
18,18,18,18,18,18,18,18,18,18,18
42,42,42,42,42,42,42,42,42,42,42
12,12,12,12,12,12,12,12,12,12,12
51,51,51,51,51,51,51,51,51,51,51
80,80,80,80,80,80,80,80,80,80,80
34,34,34,34,34,34,34,34,34,34,34
66,66,66,66,66,66,66,66,66,66,66
12,22,24,2,22,2,10,7,9,12,12
2,2,2,2,2,2,2,2,2,2,2
72,72,72,72,72,72,72,72,72,72,72
44,44,44,44,44,44,44,44,44,44,44
71,71,71,71,71,71,71,71,71,71,71
23,23,23,23,23,23,23,23,23,23,23
10,10,10,10,10,10,10,10,10,10,7
46,46,46,46,46,46,46,46,46,46,46
69,69,69,69,69,69,69,69,69,69,69
45,45,45,45,45,45,45,45,45,45,45
94,94,94,94,94,94,94,94,94,94,94
74,74,74,74,74,74,74,74,74,74,74
73,73,73,73,73,73,73,73,73,73,73
29,29,29,29,29,29,29,29,29,29,29
17,17,17,17,17,17,17,17,17,17,17
63,63,63,63,63,63,63,63,63,63,63
21,21,21,21,21,21,21,21,21,21,21
69,69,69,69,69,69,69,69,69,69,69
60,60,60,60,60,60,60,60,60,60,60
83,83,83,83,83,83,83,83,83,83,83
26,26,26,26,26,26,26,26,26,26,26
44,44,44,44,44,44,44,44,44,44,44
38,38,38,38,38,38,38,38,38,38,38
66,66,66,66,66,66,66,66,66,66,66
78,78,78,78,78,78,78,78,78,78,78
66,66,66,66,66,66,66,66,66,66,66
13,13,13,13,13,13,13,13,13,13,13
9,9,9,9,9,9,9,9,9,9,9
18,18,18,18,18,18,18,18,18,18,18
51,51,51,51,51,51,51,51,51,51,51
19,19,19,19,19,19,19,19,19,19,19
20,20,20,20,20,20,20,20,20,20,20
12,12,12,12,12,12,12,12,12,24,12
13,13,13,13,13,13,13,13,13,13,13
93,93,93,93,93,93,93,93,93,93,93
15,15,15,15,15,15,15,15,15,15,15
41,41,9,1,24,53,24,53,53,41,41
71,71,71,71,71,71,71,71,71,71,71
53,47,47,47,47,47,47,47,47,47,47
6,6,6,6,6,6,6,6,6,6,6
12,12,12,12,12,12,12,12,12,12,12
63,63,63,63,63,63,63,63,63,63,63
1,1,1,1,1,1,1,1,1,1,1
25,25,25,25,25,25,25,25,25,25,25
56,56,56,56,56,56,56,56,56,56,56
18,18,18,18,18,18,18,18,18,18,18
47,47,10,47,47,47,47,47,47,47,47
56,56,56,24,24,24,24,24,2,43,0
77,77,77,77,77,77,77,77,77,77,77
77,77,77,77,77,77,77,77,77,77,77
7,7,7,7,7,7,7,7,7,7,7
84,84,84,84,84,84,84,84,84,84,84
23,23,23,23,23,23,23,23,23,23,23
79,79,1,1,7,1,79,79,47,79,79
10,10,10,10,10,10,10,10,10,10,10
30,30,30,30,30,30,30,30,30,30,30
40,40,40,40,40,40,40,40,40,40,40
64,64,64,64,64,64,64,64,64,64,64
15,15,15,15,15,15,15,15,15,15,15
59,59,59,59,59,59,59,59,59,59,59
27,27,27,27,27,27,27,27,27,27,27
49,49,49,49,49,49,49,49,49,49,49
51,51,51,51,51,51,51,51,51,51,51
1,1,1,1,1,1,1,1,1,1,1
29,29,29,29,29,29,29,29,29,29,29
5,5,5,5,5,5,5,5,5,5,5
57,57,57,57,57,57,57,57,57,57,57
12,12,12,12,12,12,12,12,12,12,12
63,63,63,63,63,63,63,63,63,63,63
83,83,83,83,83,83,83,83,83,83,83
0,0,0,0,0,0,0,0,0,0,0
28,28,28,28,28,28,28,28,28,28,28
70,70,70,70,70,70,70,70,70,70,70
6,6,6,6,6,6,6,6,6,6,6
48,48,48,48,48,48,48,48,48,48,48
36,36,36,36,36,36,36,36,36,36,36
20,20,20,20,20,20,20,20,20,20,20
35,35,35,35,35,35,35,35,35,35,35
20,20,20,20,20,20,20,20,20,20,20
69,69,69,69,69,69,69,69,69,69,69
7,7,7,7,7,7,7,7,7,7,7
14,14,14,14,14,14,14,14,14,14,14
44,44,44,44,44,44,44,44,44,44,44
59,59,59,59,59,59,59,59,59,59,59
0,0,0,0,0,0,0,0,0,0,0
47,47,47,47,47,47,47,47,47,75,54
29,29,29,29,29,29,29,29,29,29,29
79,79,79,79,79,79,79,79,79,79,79
68,68,68,68,68,68,68,68,68,68,68
67,67,67,67,67,67,67,67,67,67,67
8,8,8,8,8,8,8,8,8,8,8
47,47,47,47,47,47,47,47,47,47,47
64,64,64,64,64,64,64,64,64,64,64
9,9,9,9,9,9,9,9,9,9,9
66,66,66,66,66,66,66,66,66,66,66
66,66,66,66,66,66,66,66,66,66,66
93,93,93,93,93,93,93,93,93,93,93
39,39,39,39,39,39,39,39,39,39,39
40,40,40,40,40,40,40,40,40,40,40
10,10,10,10,10,10,10,10,10,10,10
8,8,8,8,8,8,8,8,8,8,8
68,68,68,68,68,68,68,68,68,68,68
43,43,43,43,43,43,43,43,43,43,43
28,28,28,28,28,28,28,28,28,28,28
21,21,21,21,21,21,21,21,21,21,21
37,37,37,37,37,37,37,37,37,37,45
3,3,3,3,3,3,3,3,3,3,3
42,42,42,42,42,42,42,42,42,42,42
10,10,24,10,10,10,10,10,71,10,10
90,90,90,90,90,90,90,90,90,90,90
51,51,51,51,51,51,51,51,51,51,51
87,87,87,87,87,87,87,87,87,87,87
56,56,56,56,56,56,56,56,56,56,56
18,18,18,18,18,18,18,18,18,18,18
85,85,85,85,85,85,85,85,85,85,85
56,56,56,56,56,56,56,56,56,56,56
61,61,61,61,61,61,61,61,61,61,61
94,94,94,94,94,94,94,94,94,94,94
88,88,88,88,88,88,88,88,88,88,88
69,69,69,69,69,69,69,69,69,69,69
63,63,63,63,63,63,63,63,63,63,63
48,48,48,48,48,48,48,48,48,48,48
13,13,13,13,13,13,13,13,13,13,13
11,11,11,11,11,11,11,11,11,11,11
47,47,47,47,47,47,47,47,47,47,47
40,40,40,40,40,40,40,40,40,40,40
27,27,27,27,27,27,27,27,27,27,27
45,45,45,45,45,45,45,45,45,45,45
71,71,71,71,71,71,71,71,71,71,71
7,79,37,5,75,5,18,5,17,7,5
8,8,8,8,8,8,8,8,8,8,8
61,61,61,61,61,61,61,61,61,61,61
7,7,7,7,7,7,7,7,7,10,7
52,52,52,52,52,52,52,52,52,52,52
90,90,90,90,90,90,90,90,90,90,90
22,22,22,22,22,22,22,22,22,22,22
88,88,88,88,88,88,88,88,88,88,88
60,60,60,60,60,60,60,60,60,60,60
53,53,1,53,53,53,53,53,53,53,53
75,7,1,7,7,7,7,7,7,75,2
75,75,75,75,75,75,75,75,75,75,75
10,10,10,10,10,10,10,10,41,10,10
73,73,73,73,73,73,73,73,73,73,73
24,41,41,41,41,41,41,41,41,24,41
72,72,72,72,72,72,72,72,72,72,72
63,63,63,63,63,63,63,63,63,63,63
90,90,90,90,90,90,90,90,90,90,90
56,56,56,56,56,56,56,56,56,56,56
88,88,88,88,88,88,88,88,88,88,88
44,44,44,44,44,44,44,44,44,44,44
18,18,18,18,18,18,18,18,18,18,18
38,38,38,38,38,38,38,38,38,38,38
25,25,25,25,25,25,25,25,25,25,25
66,66,66,66,66,66,66,66,66,66,66
73,73,73,73,73,73,73,73,73,73,73
86,86,86,86,86,86,86,86,86,86,86
46,46,46,46,46,46,46,46,46,46,46
58,58,58,58,58,58,58,58,58,58,58
75,75,75,75,75,75,75,75,75,75,75
38,38,38,38,38,38,38,38,38,38,38
57,57,57,57,57,57,57,57,57,57,57
72,72,72,72,72,72,72,72,72,72,72
84,84,84,84,84,84,84,84,84,84,84
2,2,2,2,2,2,2,2,2,2,2
13,13,13,13,13,13,13,13,13,13,13
84,84,84,84,84,84,84,84,84,84,84
41,41,41,41,41,41,41,41,41,41,41
7,7,7,7,7,7,7,7,7,7,53
83,83,83,83,83,83,83,83,83,83,83
94,94,94,94,94,94,94,94,94,94,94
16,16,16,16,16,16,16,16,16,16,16
55,55,55,55,55,55,55,55,55,55,55
7,7,7,7,7,7,7,7,7,7,7
48,48,48,48,48,48,48,48,48,48,48
43,43,43,43,43,43,43,43,43,43,43
13,13,13,13,13,13,13,13,13,13,13
28,28,28,28,28,28,28,28,28,28,28
29,29,29,29,29,29,29,29,29,29,29
3,3,3,3,3,3,3,3,3,3,3
87,87,87,87,87,87,87,87,87,87,87
45,0,37,2,45,45,1,45,0,45,45
88,88,88,88,88,88,88,88,88,88,88
34,34,34,34,34,34,34,34,34,34,34
72,72,72,72,72,72,72,72,72,72,72
33,33,33,33,33,33,33,33,33,33,33
27,27,27,27,27,27,27,27,27,27,27
49,49,49,49,49,49,49,49,49,49,49
46,46,46,46,46,46,46,46,46,46,46
76,76,76,76,76,76,76,76,76,76,76
62,62,62,62,62,62,62,62,62,62,62
13,13,13,13,13,13,13,13,13,13,13
53,53,53,53,53,53,53,53,53,53,53
79,79,79,79,79,79,79,79,79,79,79
48,48,48,48,48,48,48,48,48,48,48
49,49,49,49,49,49,49,49,49,49,49
85,85,85,85,85,85,85,85,85,85,85
35,35,35,35,35,35,35,35,35,35,35
80,80,80,80,80,80,80,80,80,80,80
71,71,71,71,71,71,71,71,71,71,71
72,72,72,72,72,72,72,72,72,72,72
48,48,48,48,48,48,48,48,48,48,48
0,0,0,0,0,0,24,0,0,0,0
35,35,35,35,35,35,35,35,35,35,35
37,17,75,17,17,17,17,17,1,37,37
23,23,23,23,23,23,23,23,23,23,23
69,69,69,69,69,69,69,69,69,69,69
33,33,33,33,33,33,33,33,33,33,33
71,71,71,71,71,71,71,71,71,71,71
36,36,36,36,36,36,36,36,36,36,36
4,61,4,61,61,61,4,61,61,61,61
59,59,59,59,59,59,59,59,59,59,59
84,84,84,84,84,84,84,84,84,84,84
38,38,38,38,38,38,38,38,38,38,38
81,81,81,81,81,81,81,81,81,81,81
60,60,60,60,60,60,60,60,60,60,60
17,17,17,17,17,17,17,17,17,17,17
89,89,89,89,89,89,89,89,89,89,89
44,44,44,44,44,44,44,44,44,44,44
74,74,74,74,74,74,74,74,74,74,74
94,94,94,94,94,94,94,94,94,94,94
43,43,43,43,43,43,43,43,43,43,43
41,41,41,41,41,41,41,41,41,10,41
14,14,14,14,14,14,14,14,14,14,14
77,77,77,77,77,77,77,77,77,77,77
0,0,0,0,0,0,0,0,0,0,0
76,76,76,76,76,76,76,76,76,76,76
31,31,31,31,31,31,31,31,31,31,31
93,93,93,93,93,93,93,93,93,93,93
68,68,68,68,68,68,68,68,68,68,68
88,88,88,88,88,88,88,88,88,88,88
13,13,13,13,13,13,13,13,13,13,13
34,34,34,34,34,34,34,34,34,34,34
47,47,12,24,24,24,24,24,24,47,47
51,51,51,51,51,51,51,51,51,51,51
23,23,23,23,23,23,23,23,23,23,23
54,54,54,54,54,54,54,54,54,54,54
2,2,2,2,2,2,2,2,2,2,2
70,70,70,70,70,70,70,70,70,70,70
89,89,89,89,89,89,89,89,89,89,89
11,11,11,11,11,11,11,11,11,11,11
66,66,66,66,66,66,66,66,66,66,66
82,82,82,82,82,82,82,82,82,82,82
24,0,17,17,17,17,17,17,17,24,24
50,50,50,50,50,50,50,50,50,50,50
26,26,26,26,26,26,26,26,26,26,26
10,10,10,10,10,10,10,10,10,10,10
4,4,4,4,4,4,4,4,4,4,4
62,62,62,62,62,62,62,62,62,62,62
1,1,1,1,1,1,1,1,1,1,1
88,88,88,88,88,88,88,88,88,88,88
11,11,11,11,11,11,11,11,11,11,11
78,78,78,78,78,78,78,78,78,78,78
6,6,6,6,6,6,6,6,6,6,6
84,84,84,84,84,84,84,84,84,84,84
63,63,63,63,63,63,63,63,63,63,63
51,51,51,51,51,51,51,51,51,51,51
88,88,88,88,88,88,88,88,88,88,88
92,92,92,92,92,92,92,92,92,92,92
42,42,42,42,42,42,42,42,42,42,42
23,23,23,23,23,23,23,23,23,23,23
87,87,87,87,87,87,87,87,87,87,87
90,90,90,90,90,90,90,90,90,90,90
41,41,41,41,41,41,41,41,41,41,41
6,6,6,6,6,6,6,6,6,6,6
55,55,55,55,55,55,55,55,55,55,55
82,82,82,82,82,82,82,82,82,82,82
15,15,15,15,15,15,15,15,15,15,15
84,84,84,84,84,84,84,84,84,84,84
16,16,16,16,16,16,16,16,16,16,16
12,12,12,12,12,12,12,12,12,12,12
20,20,20,20,20,20,20,20,20,20,20
44,44,44,44,44,44,44,44,44,44,44
79,79,79,79,79,79,79,79,79,79,79
66,66,66,66,66,66,66,66,66,66,66
3,3,3,3,3,3,3,3,3,3,3
18,18,18,18,18,18,18,18,18,18,18
59,59,59,59,59,59,59,59,59,59,59
11,11,11,11,11,11,11,11,11,11,11
39,39,39,39,39,39,39,39,39,39,39
72,72,72,72,72,72,72,72,72,72,72
79,79,79,79,79,79,79,79,79,79,79
91,91,91,91,91,91,91,91,91,91,91
83,83,83,83,83,83,83,83,83,83,83
0,0,0,0,0,0,0,0,0,0,0
11,11,11,11,11,11,11,11,11,11,11
87,87,87,87,87,87,87,87,87,87,87
0,0,0,0,0,0,0,0,0,0,45
20,20,20,20,20,20,20,20,20,20,20
44,44,44,44,44,44,44,44,44,44,44
12,12,12,12,12,12,12,12,12,12,12
30,30,30,30,30,30,30,30,30,30,30
11,11,11,11,11,11,11,11,11,11,11
3,3,3,3,3,3,3,3,3,3,3
69,69,69,69,69,69,69,69,69,69,69
66,66,66,66,66,66,66,66,66,66,66
2,2,2,2,2,2,2,2,2,2,2
75,75,75,75,75,75,75,75,75,75,75
73,73,73,73,73,73,73,73,73,73,73
65,65,65,65,65,65,65,65,65,65,65
1,1,1,1,1,1,1,1,1,1,1
65,65,65,65,65,65,65,65,65,65,65
78,78,78,78,78,78,78,78,78,78,78
22,22,22,22,22,22,22,22,22,22,22
49,49,49,49,49,49,49,49,49,49,49
0,0,0,0,0,0,0,0,0,0,0
5,5,5,5,5,5,5,5,5,5,5
78,78,78,78,78,78,78,78,78,78,78
5,35,5,5,5,5,5,5,35,5,5
17,17,17,17,17,17,17,17,17,17,17
78,78,78,78,78,78,78,78,78,78,78
35,35,35,35,35,35,35,35,75,35,35
1,45,5,79,79,79,79,79,17,1,41
0,0,0,0,0,0,0,0,0,0,0
61,61,61,61,61,61,61,61,61,61,61
86,86,86,86,86,86,86,86,86,86,86
63,63,63,63,63,63,63,63,63,63,63
12,12,12,12,12,12,12,12,12,12,12
9,9,9,9,9,9,9,9,9,9,9
13,13,13,13,13,13,13,13,13,13,13
90,90,90,90,90,90,90,90,90,90,90
86,86,86,86,86,86,86,86,86,86,86
62,62,62,62,62,62,62,62,62,62,62
52,52,52,52,52,52,52,52,52,52,52
82,82,82,82,82,82,82,82,82,82,82
13,13,13,13,13,13,13,13,13,13,13
76,76,76,76,76,76,76,76,76,76,76
15,15,15,15,15,15,15,15,15,15,15
43,43,43,43,43,43,43,43,43,43,43
53,53,53,53,53,53,53,53,53,53,53
81,81,81,81,81,81,81,81,81,81,81
6,6,6,6,6,6,6,6,6,6,6
53,53,53,53,53,53,53,53,53,53,53
4,4,4,4,4,4,4,4,4,4,4
22,41,22,41,41,41,41,41,35,22,22
10,10,10,10,10,10,10,10,10,10,10
10,10,10,10,10,10,10,10,10,10,7
0,0,12,0,0,0,0,0,45,0,75
56,41,41,41,41,41,41,41,41,56,35
82,82,82,82,82,82,82,82,82,82,82
11,11,11,11,11,11,11,11,11,11,11
73,73,73,73,73,73,73,73,73,73,73
31,31,31,31,31,31,31,31,31,31,31
48,48,48,48,48,48,48,48,48,48,48
88,88,88,88,88,88,88,88,88,88,88
23,23,23,23,23,23,23,23,23,23,23
10,10,10,10,10,10,10,10,10,10,5
3,3,3,3,3,3,3,3,3,3,3
2,2,2,2,2,2,2,2,2,2,2
49,49,49,49,49,49,49,49,49,49,49
0,0,0,0,0,0,0,0,0,0,0
13,13,13,13,13,13,13,13,13,13,13
25,25,25,25,25,25,25,25,25,25,25
73,73,73,73,73,73,73,73,73,73,73
67,67,67,67,67,67,67,67,67,67,67
61,61,61,61,61,61,61,61,61,61,61
85,85,85,85,85,85,85,85,85,85,85
56,56,56,56,56,56,56,56,56,56,56
43,43,43,43,43,43,43,43,43,43,43
57,57,57,57,57,57,57,57,57,57,57
56,56,56,56,56,56,56,56,56,56,56
80,80,80,80,80,80,80,80,80,80,80
43,43,43,43,43,43,43,43,43,43,43
90,90,90,90,90,90,90,90,90,90,90
53,12,12,12,12,12,12,12,12,12,45
83,83,83,83,83,83,83,83,83,83,83
22,22,22,22,22,22,22,22,22,22,22
68,68,68,68,68,68,68,68,68,68,68
10,10,24,10,10,10,10,10,71,10,10
49,49,49,49,49,49,49,49,49,49,49
59,59,59,59,59,59,59,59,59,59,59
80,80,80,80,80,80,80,80,80,80,80
85,85,85,85,85,85,85,85,85,85,85
71,71,71,71,71,71,71,71,71,71,71
12,12,12,12,12,12,12,12,12,12,12
67,67,67,67,67,67,67,67,67,67,67
77,77,77,77,77,77,77,77,77,77,77
71,71,71,71,71,71,71,71,71,71,71
14,14,14,14,14,14,14,14,14,14,14
37,37,37,37,37,37,37,37,37,17,17
91,91,91,91,91,91,91,91,91,91,91
27,27,27,27,27,27,27,27,27,27,27
24,24,24,24,24,24,24,24,24,24,24
38,38,38,38,38,38,38,38,38,38,38
75,75,79,75,75,75,75,75,75,53,12
63,63,63,63,63,63,63,63,63,63,63
91,91,91,91,91,91,91,91,91,91,91
58,58,58,58,58,58,58,58,58,58,58
47,47,47,47,47,47,47,47,47,47,47
58,58,58,58,58,58,58,58,58,58,58
20,20,20,20,20,20,20,20,20,20,20
53,18,18,18,18,18,18,18,18,18,18
13,13,13,13,13,13,13,13,13,13,13
46,46,46,46,46,46,46,46,46,46,46
88,88,88,88,88,88,88,88,88,88,88
14,14,14,14,14,14,14,14,14,14,14
50,50,50,50,50,50,50,50,50,50,50
83,83,83,83,83,83,83,83,83,83,83
23,23,23,23,23,23,23,23,23,23,23
41,41,41,41,41,41,41,41,41,41,41
87,87,87,87,87,87,87,87,87,87,87
61,61,61,61,61,61,61,61,61,61,61
16,8,24,24,24,24,1,24,24,43,93
12,12,12,12,12,12,12,12,12,12,12
77,77,77,77,77,77,77,77,77,77,77
22,22,22,22,22,22,22,22,22,22,22
61,61,61,61,61,61,61,61,61,61,61
75,75,75,75,75,75,75,75,75,75,75
22,0,0,0,0,0,0,0,0,22,0
49,49,49,49,49,49,49,49,49,49,49
0,0,0,0,0,0,0,0,0,0,0
27,27,27,27,27,27,27,27,27,27,27
50,50,50,50,50,50,50,50,50,50,50
30,30,30,30,30,30,30,30,30,30,30
48,48,48,48,48,48,48,48,48,48,48
86,86,86,86,86,86,86,86,86,86,86
61,61,61,61,61,61,61,61,61,61,61
39,39,39,39,39,39,39,39,39,39,39
24,24,24,24,24,24,24,24,24,24,41
0,0,0,0,0,0,0,0,45,0,0
5,5,79,5,5,5,5,5,79,5,5
63,63,63,63,63,63,63,63,63,63,63
56,56,56,56,56,56,56,56,56,56,56
22,22,56,22,22,22,22,22,22,22,22
63,63,63,63,63,63,63,63,63,63,63
8,8,8,8,8,8,8,8,8,8,8
59,59,59,59,59,59,59,59,59,59,59
55,55,55,55,55,55,55,55,55,55,55
61,61,61,61,61,61,61,61,61,61,61
18,18,18,18,18,18,18,18,18,18,18
57,57,57,57,57,57,57,57,57,57,57
88,88,88,88,88,88,88,88,88,88,88
58,58,58,58,58,58,58,58,58,58,58
40,40,40,40,40,40,40,40,40,40,40
59,59,59,59,59,59,59,59,59,59,59
45,45,12,5,12,5,12,5,79,45,45
81,81,81,81,81,81,81,81,81,81,81
36,36,36,36,36,36,36,36,36,36,36
88,88,88,88,88,88,88,88,17,88,88
26,26,26,26,26,26,26,26,26,26,26
27,27,27,27,27,27,27,27,27,27,27
44,44,44,44,44,44,44,44,44,44,44
53,12,12,12,12,12,12,12,12,12,45
80,80,80,80,80,80,80,80,80,80,80
23,23,23,23,23,23,23,23,23,23,23
53,47,9,53,53,53,53,53,1,53,53
71,71,71,71,71,71,71,71,71,71,71
10,10,10,10,10,10,10,10,10,10,10
72,72,72,72,72,72,72,72,72,72,72
54,54,54,54,54,54,54,54,54,54,54
54,54,54,54,54,54,54,54,54,54,54
51,51,51,51,51,51,51,51,51,51,51
17,17,17,17,17,17,17,17,17,17,17
73,73,73,73,73,73,73,73,73,73,73
53,53,53,53,53,53,53,53,53,56,53
73,73,73,73,73,73,73,73,73,73,73
10,10,10,10,10,10,10,10,10,10,10
56,56,31,56,56,56,56,56,56,56,56
0,0,0,0,0,0,0,0,0,0,0
65,65,65,65,65,65,65,65,65,65,65
71,71,71,71,71,71,71,71,71,71,71
67,67,67,67,67,67,67,67,67,67,67
29,29,29,29,29,29,29,29,29,29,29
23,23,23,23,23,23,23,23,23,23,23
88,88,88,88,88,88,88,88,88,88,88
40,40,40,40,40,40,40,40,40,40,40
92,92,92,92,92,92,92,92,92,92,92
5,35,35,35,35,35,35,35,5,35,35
31,31,31,31,31,31,31,31,31,31,31
90,90,90,90,90,90,90,90,90,90,90
88,88,88,88,88,88,88,88,88,88,88
27,27,27,27,27,27,27,27,27,27,27
1,1,53,1,1,1,1,1,9,1,9
35,35,35,35,35,35,35,35,35,35,35
51,51,51,51,51,51,51,51,51,51,51
78,78,78,78,78,78,78,78,78,78,78
58,58,58,58,58,58,58,58,58,58,58
61,61,61,61,61,61,61,61,61,61,61
40,40,40,40,40,40,40,40,40,40,40
17,17,17,17,17,17,17,17,17,17,17
2,88,88,88,88,88,88,88,88,88,88
0,0,0,0,0,0,0,0,0,0,0
68,68,68,68,68,68,68,68,68,68,68
37,37,37,37,37,37,37,37,37,37,37
60,60,60,60,60,60,60,60,60,60,60
31,31,31,31,31,31,31,31,31,31,31
91,91,91,91,91,91,91,91,91,91,91
23,23,23,23,23,23,23,23,23,23,23
73,73,73,73,73,73,73,73,73,73,73
64,64,64,64,64,64,64,64,64,64,64
92,92,92,92,92,92,92,92,92,92,92
15,15,15,15,15,15,15,15,15,15,15
85,85,85,85,85,85,85,85,85,85,85
74,74,74,74,74,74,74,74,74,74,74
18,18,18,18,18,18,18,18,18,18,18
43,43,43,43,43,43,43,43,43,43,43
53,53,53,53,53,53,53,53,53,53,53
70,70,70,70,70,70,70,70,70,70,70
20,20,20,20,20,20,20,20,20,20,20
63,63,63,63,63,63,63,63,63,63,63
53,53,53,53,53,53,53,53,53,53,53
73,73,73,73,73,73,73,73,73,73,73
75,75,75,75,75,75,75,75,75,53,75
80,80,80,80,80,80,80,80,80,80,80
28,28,28,28,28,28,28,28,28,28,28
76,76,76,76,76,76,76,76,76,76,76
16,16,16,16,16,16,16,16,16,16,16
87,87,87,87,87,87,87,87,87,87,87
54,54,54,54,54,54,54,54,54,54,54
39,39,39,39,39,39,39,39,39,39,39
5,5,5,5,5,5,5,5,5,5,5
80,80,80,80,80,80,80,80,80,80,80
83,83,83,83,83,83,83,83,83,83,83
50,50,50,50,50,50,50,50,50,50,50
54,54,54,54,54,54,54,54,54,54,54
70,70,70,70,70,70,70,70,70,70,70
38,38,38,38,38,38,38,38,38,38,38
50,50,50,50,50,50,50,50,50,50,50
86,86,86,86,86,86,86,86,86,86,86
89,89,89,89,89,89,89,89,89,89,89
9,9,9,9,9,9,9,9,9,9,9
74,74,74,74,74,74,74,74,74,74,74
70,70,70,70,70,70,70,70,70,70,70
19,19,19,19,19,19,19,19,19,19,19
53,53,10,53,53,53,53,53,53,53,53
24,24,24,24,24,24,24,24,24,24,24
54,54,54,54,54,54,54,54,54,54,54
14,14,14,14,14,14,14,14,14,14,14
41,41,41,41,41,41,41,41,41,41,56
71,71,71,71,71,71,71,71,71,71,71
15,15,15,15,15,15,15,15,15,15,15
55,55,55,55,55,55,55,55,55,55,55
50,50,50,50,50,50,50,50,50,50,50
5,5,5,5,5,5,5,5,5,47,5
21,21,21,21,21,21,21,21,21,21,21
17,17,17,17,17,17,17,17,17,17,17
63,63,63,63,63,63,63,63,63,63,63
38,38,38,38,38,38,38,38,38,38,38
56,56,56,56,56,56,56,56,56,56,56
64,64,64,64,64,64,64,64,64,64,64
55,55,55,55,55,55,55,55,55,55,55
14,14,14,14,14,14,14,14,14,14,14
61,61,61,61,61,61,61,61,61,61,61
71,71,71,71,71,71,71,71,71,71,71
78,78,78,78,78,78,78,78,78,78,78
3,3,3,3,3,3,3,3,3,3,3
79,79,79,79,79,79,79,79,79,79,79
34,34,34,34,34,34,34,34,34,34,34
64,64,64,64,64,64,64,64,64,64,64
6,6,6,6,6,6,6,6,6,6,6
80,80,80,80,80,80,80,80,80,80,80
49,49,49,49,49,49,49,49,49,49,49
78,78,78,78,78,78,78,78,78,78,78
85,85,85,85,85,85,85,85,85,85,85
83,83,83,83,83,83,83,83,83,83,83
11,11,11,11,11,11,11,11,11,11,11
41,41,41,41,41,41,41,41,41,41,41
0,0,0,0,0,0,0,0,0,0,0
54,54,54,54,54,54,54,54,54,54,54
20,20,20,20,20,20,20,20,20,20,20
61,61,61,61,61,61,61,61,61,61,61
61,61,61,4,61,61,61,61,61,61,61
28,28,28,28,28,28,28,28,28,28,28
5,5,5,5,5,5,5,5,5,5,5
3,3,3,3,3,3,3,3,3,3,3
54,54,54,54,54,54,54,54,54,54,54
28,28,28,28,28,28,28,28,28,28,28
60,60,60,60,60,60,60,60,60,60,60
50,50,50,50,50,50,50,50,50,50,50
53,53,53,53,53,53,53,53,53,53,53
7,79,5,10,10,10,10,10,5,7,5
12,12,12,12,12,12,12,12,12,12,12
17,17,17,17,17,17,17,17,17,17,17
76,76,76,76,76,76,76,76,76,76,76
94,94,94,94,94,94,94,94,94,94,94
71,71,71,71,71,71,71,71,71,71,71
88,88,88,88,88,88,88,88,88,88,88
64,64,64,64,64,64,64,64,64,64,64
44,44,44,44,44,44,44,44,44,44,44
17,17,17,17,17,17,17,17,17,17,17
18,18,18,18,18,18,18,18,18,18,18
62,62,62,62,62,62,62,62,62,62,62
55,55,55,55,55,55,55,55,55,55,55
88,88,88,88,88,88,88,88,88,88,88
18,18,18,18,18,18,18,18,18,18,18
30,30,30,30,30,30,30,30,30,30,30
75,75,75,75,75,75,75,75,75,37,75
44,44,44,44,44,44,44,44,44,44,44
25,25,25,25,25,25,25,25,25,25,25
78,78,78,78,78,78,78,78,78,78,78
39,39,39,39,39,39,39,39,39,39,39
18,18,1,18,18,18,18,18,18,47,18
82,82,82,82,82,82,82,82,82,82,82
54,54,54,54,54,54,54,54,54,54,54
61,61,4,4,4,4,4,4,61,4,4
68,68,68,68,68,68,68,68,68,68,68
0,0,0,0,0,0,0,0,0,0,0
61,61,61,61,61,61,61,61,61,61,61
70,70,70,70,70,70,70,70,70,70,70
92,92,92,92,92,92,92,92,92,92,92
27,27,27,27,27,27,27,27,27,27,27
1,54,1,1,1,1,1,1,1,1,1
14,14,14,14,14,14,14,14,14,14,14
34,34,34,34,34,34,34,34,34,34,34
78,78,78,78,78,78,78,78,78,78,78
35,35,35,35,35,35,35,35,35,35,35
10,10,10,10,10,10,10,10,10,47,10
12,12,12,12,12,12,24,12,12,56,12
18,18,18,18,18,18,18,18,18,18,18
18,18,35,18,18,18,18,18,18,18,18
9,9,9,9,9,9,9,9,9,9,9
31,31,31,31,31,31,31,31,31,31,31
23,23,23,23,23,23,23,23,23,23,23
22,22,22,22,22,22,22,22,22,22,22
4,4,4,61,4,4,4,4,4,4,4
53,1,37,53,1,53,53,53,53,53,53
71,71,71,71,71,71,71,71,71,71,71
81,81,81,81,81,81,81,81,81,81,81
32,32,32,32,32,32,32,32,32,32,32
26,26,26,26,26,26,26,26,26,26,26
55,55,55,55,55,55,55,55,55,55,55
6,6,6,6,6,6,6,6,6,6,6
56,56,37,56,56,56,56,56,56,56,56
43,43,43,43,43,43,43,43,43,43,43
88,88,88,88,88,88,88,88,88,88,88
83,83,83,83,83,83,83,83,83,83,83
90,90,90,90,90,90,90,90,90,90,90
94,94,94,94,94,94,94,94,94,94,94
86,86,86,86,86,86,86,86,86,86,86
92,92,92,92,92,92,92,92,92,92,92
57,57,57,57,57,57,57,57,57,57,57
92,92,92,92,92,92,92,92,92,92,92
23,23,23,23,23,23,23,23,23,23,23
60,60,60,60,60,60,60,60,60,60,60
80,80,80,80,80,80,80,80,80,80,80
41,41,41,41,41,41,41,41,78,41,41
56,56,56,56,56,56,56,56,56,56,56
65,65,65,65,65,65,65,65,65,65,65
28,28,28,28,28,28,28,28,28,28,28
27,27,27,27,27,27,27,27,27,27,27
84,84,84,84,84,84,84,84,84,84,84
33,33,33,33,33,33,33,33,33,33,33
37,37,37,37,37,37,37,37,37,37,37
48,48,48,48,48,48,48,48,48,48,48
59,59,59,59,59,59,59,59,59,59,59
43,43,43,43,43,43,43,43,43,43,43
62,62,62,62,62,62,62,62,62,62,62
83,83,83,83,83,83,83,83,83,83,83
90,90,90,90,90,90,90,90,90,90,90
61,61,61,61,61,61,61,61,61,61,61
17,17,17,17,17,17,17,17,17,17,17
65,65,65,65,65,65,65,65,65,65,65
47,47,47,47,47,47,47,47,47,47,47
20,20,20,20,20,20,20,20,20,20,20
4,4,4,4,4,4,4,4,4,4,4
78,78,78,78,78,78,78,78,78,78,78
65,65,65,65,65,65,65,65,65,65,65
78,78,78,78,78,78,78,78,78,78,78
68,68,68,68,68,68,68,68,68,68,68
24,24,24,24,24,24,24,24,24,24,24
72,72,72,72,72,72,72,72,72,72,72
33,33,33,33,33,33,33,33,33,33,33
68,68,68,68,68,68,68,68,68,68,68
58,58,58,58,58,58,58,58,58,58,58
13,13,13,13,13,13,13,13,13,13,13
77,77,77,77,77,77,77,77,77,77,77
22,22,22,22,22,22,22,22,22,22,22
85,85,85,85,85,85,85,85,85,85,85
80,80,80,80,80,80,80,80,80,80,80
52,52,52,52,52,52,52,52,52,52,52
74,74,74,74,74,74,74,74,74,74,74
50,50,50,50,50,50,50,50,50,50,50
55,55,55,55,55,55,55,55,55,55,55
29,29,29,29,29,29,29,29,29,29,29
34,34,34,34,34,34,34,34,34,34,34
50,50,50,50,50,50,50,50,50,50,50
22,22,22,22,22,22,22,22,22,22,22
19,19,19,19,19,19,19,19,19,19,19
92,92,92,92,92,92,92,92,92,92,92
78,78,78,78,78,78,78,78,78,78,78
69,69,69,69,69,69,69,69,69,69,69
35,35,35,35,35,35,35,35,35,35,35
76,76,76,76,76,76,76,76,76,76,76
79,79,79,79,79,79,79,79,79,79,79
84,84,84,84,84,84,84,84,84,84,84
66,66,66,66,66,66,66,66,66,66,66
28,28,28,28,28,28,28,28,28,28,28
74,74,74,74,74,74,74,74,74,74,74
69,69,69,69,69,69,69,69,69,69,69
88,88,88,88,88,88,88,88,88,88,88
22,0,0,0,0,0,0,0,0,22,0
48,48,48,48,48,48,48,48,48,48,48
2,2,2,2,2,2,2,2,2,2,2
17,17,10,17,17,17,17,17,17,17,17
0,0,0,0,0,0,0,0,0,0,0
1,1,1,1,1,1,1,1,1,1,1
0,0,0,0,0,0,0,0,0,0,0
8,8,8,8,8,8,8,8,8,8,8
13,13,13,13,13,13,13,13,13,13,13
55,55,55,55,55,55,55,55,55,55,55
7,7,7,7,7,7,7,7,7,7,7
47,47,47,47,47,47,47,47,47,47,1
7,7,7,7,7,7,7,7,7,7,75
10,10,10,10,10,10,10,10,10,10,24
52,52,52,52,52,52,52,52,52,52,52
88,88,88,88,88,88,88,88,88,88,88
91,91,91,91,91,91,91,91,91,91,91
9,9,9,9,9,9,9,9,9,9,45
14,14,14,14,14,14,14,14,14,14,14
87,87,87,87,87,87,87,87,87,87,87
51,51,51,51,51,51,51,51,51,51,51
45,45,45,45,45,45,45,45,45,45,45
73,73,73,73,73,73,73,73,73,73,73
5,35,35,35,35,35,35,35,35,5,5
89,89,89,89,89,89,89,89,89,89,89
53,53,53,53,53,53,53,53,53,53,53
7,56,1,7,7,56,10,7,37,7,7
66,66,66,66,66,66,66,66,66,66,66
60,60,60,60,60,60,60,60,60,60,60
64,64,64,64,64,64,64,64,64,64,64
52,52,52,52,52,52,52,52,52,52,52
24,79,37,1,1,1,1,1,17,24,24
53,53,53,53,53,53,53,53,53,53,53
6,6,6,6,6,6,6,6,6,6,6
16,16,16,16,16,16,16,16,16,16,16
83,83,83,83,83,83,83,83,83,83,83
70,70,70,70,70,70,70,70,70,70,70
88,88,53,53,53,53,53,53,9,88,1
78,78,78,78,78,78,78,78,78,78,78
58,58,58,58,58,58,58,58,58,58,58
79,79,79,79,79,79,79,79,79,79,79
30,30,30,30,30,30,30,30,30,30,30
15,15,15,15,15,15,15,15,15,15,15
64,64,64,64,64,64,64,64,64,64,64
39,39,39,39,39,39,39,39,39,39,39
87,87,87,87,87,87,87,87,87,87,87
18,18,18,18,18,18,18,18,18,18,1
23,23,23,23,23,23,23,23,23,23,23
71,71,71,71,71,71,71,71,71,71,71
47,47,7,88,47,88,88,47,88,7,88
50,50,50,50,50,50,50,50,50,50,50
82,82,82,82,82,82,82,82,82,82,82
44,44,44,44,44,44,44,44,44,44,44
39,39,39,39,39,39,39,39,39,39,39
45,0,0,0,0,0,0,0,0,45,45
70,70,70,70,70,70,70,70,70,70,70
69,69,69,69,69,69,69,69,69,69,69
70,70,70,70,70,70,70,70,70,70,70
71,71,71,71,71,71,71,71,71,71,71
7,7,7,7,7,7,7,7,7,7,7
82,82,82,82,82,82,82,82,82,82,82
46,46,46,46,46,46,46,46,46,46,46
50,50,50,50,50,50,50,50,50,50,50
44,44,44,44,44,44,44,44,44,44,44
86,86,86,86,86,86,86,86,86,86,86
18,18,18,18,18,18,18,18,18,18,18
88,88,88,88,88,88,88,88,88,88,88
13,13,13,13,13,13,13,13,13,13,13
29,29,29,29,29,29,29,29,29,29,29
93,93,93,93,93,93,93,93,93,93,93
2,2,2,2,2,2,2,2,2,2,2
22,22,22,22,22,22,22,22,22,22,22
62,62,62,62,62,62,62,62,62,62,62
13,13,13,13,13,13,13,13,13,13,13
46,46,46,46,46,46,46,46,46,46,46
24,79,37,1,1,1,1,1,17,24,24
0,0,0,0,0,0,0,0,0,0,0
3,3,3,3,3,3,3,3,3,3,3
77,77,77,77,77,77,77,77,77,77,77
67,67,67,67,67,67,67,67,67,67,67
23,23,23,23,23,23,23,23,23,23,23
20,20,20,20,20,20,20,20,20,20,20
34,34,34,34,34,34,34,34,34,34,34
0,0,0,0,0,0,0,0,0,0,0
28,28,28,28,28,28,28,28,28,28,28
75,75,5,75,75,75,79,75,75,53,12
86,86,86,86,86,86,86,86,86,86,86
39,39,39,39,39,39,39,39,39,39,39
5,5,5,5,5,5,5,5,5,5,5
38,38,38,38,38,38,38,38,38,38,38
33,33,33,33,33,33,33,33,33,33,33
8,8,8,8,8,8,8,8,8,8,8
10,10,10,10,10,10,10,10,2,41,22
18,18,35,18,18,18,18,18,18,18,18
73,73,73,73,73,73,73,73,73,73,73
86,86,86,86,86,86,86,86,86,86,86
13,13,13,13,13,13,13,13,13,13,13
49,49,49,49,49,49,49,49,49,49,49
0,0,0,0,0,0,0,0,0,0,0
46,46,46,46,46,46,46,46,46,46,46
12,12,12,12,12,12,12,12,12,12,12
68,68,68,68,68,68,68,68,68,68,68
24,24,37,24,24,24,24,24,5,24,24
5,5,5,5,5,5,5,5,5,37,5
71,71,71,71,71,71,71,71,71,71,71
35,35,35,35,35,35,35,35,35,35,35
61,61,61,61,61,61,61,61,61,61,61
0,0,45,0,0,0,0,0,0,0,0
12,45,0,1,0,12,1,12,0,56,12
41,41,1,41,41,41,41,41,41,41,41
93,93,93,93,93,93,93,93,93,93,93
55,55,55,55,55,55,55,55,55,55,55
31,31,31,31,31,31,31,31,31,31,31
47,47,47,47,47,47,47,47,79,47,47
72,72,72,72,72,72,72,72,72,72,72
23,23,23,23,23,23,23,23,23,23,23
84,84,84,84,84,84,84,84,84,84,84
23,23,23,23,23,23,23,23,23,23,23
39,39,39,39,39,39,39,39,39,39,39
92,92,92,92,92,92,92,92,92,92,92
25,25,25,25,25,25,25,25,25,25,25
61,61,61,61,61,61,61,61,61,61,61
28,28,28,28,28,28,28,28,28,28,28
78,78,78,78,78,78,78,78,78,78,78
92,92,92,92,92,92,92,92,92,92,92
15,15,15,15,15,15,15,15,15,15,15
56,56,56,56,56,56,56,56,56,56,56
79,79,79,79,79,79,79,79,79,79,79
54,54,54,54,54,54,54,54,54,54,54
89,89,89,89,89,89,89,89,89,89,89
29,29,29,29,29,29,29,29,29,29,29
40,40,40,40,40,40,40,40,40,40,40
89,89,89,89,89,89,89,89,89,89,89
74,74,74,74,74,74,74,74,74,74,74
4,61,4,4,61,4,4,4,61,4,61
55,55,55,55,55,55,55,55,55,55,55
66,66,66,66,66,66,66,66,66,66,66
29,29,29,29,29,29,29,29,29,29,29
24,24,24,24,24,24,24,24,24,24,24
11,11,11,11,11,11,11,11,11,11,11
17,17,17,17,17,17,17,17,17,17,17
14,14,14,14,14,14,14,14,14,14,14
36,36,36,36,36,36,36,36,36,36,36
5,54,53,54,47,54,47,47,47,5,15
12,12,12,12,12,12,12,12,12,12,12
24,24,24,24,24,24,24,24,24,24,24
6,6,6,6,6,6,6,6,6,6,6
11,11,11,11,11,11,11,11,11,11,11
50,50,50,50,50,50,50,50,50,50,50
74,74,74,74,74,74,74,74,74,74,74
63,63,63,63,63,63,63,63,63,63,63
7,79,7,7,79,7,79,79,17,7,53
55,55,55,55,55,55,55,55,55,55,55
63,63,63,63,63,63,63,63,63,63,63
41,41,41,41,41,41,41,41,41,41,41
1,1,1,1,1,1,1,1,15,0,53
63,63,63,63,63,63,63,63,63,63,63
89,89,89,89,89,89,89,89,89,89,89
36,36,36,36,36,36,36,36,36,36,36
64,64,64,64,64,64,64,64,64,64,64
29,29,29,29,29,29,29,29,29,29,29
28,28,28,28,28,28,28,28,28,28,28
41,41,41,41,41,41,41,41,41,41,41
92,92,92,92,92,92,92,92,92,92,92
67,67,67,67,67,67,67,67,67,67,67
9,9,9,9,9,9,9,9,9,9,9
1,1,1,1,1,1,1,1,1,2,1
68,68,68,68,68,68,68,68,68,68,68
8,8,8,8,8,8,8,8,8,8,8
32,32,32,32,32,32,32,32,32,32,32
52,52,52,52,52,52,52,52,52,52,52
